,x,y,class_name,file_name
0,3.2698932,10.240701,AircraftBuoyant,m1337.obj
1,3.293098,10.249051,AircraftBuoyant,m1338.obj
2,3.5179088,10.637595,AircraftBuoyant,m1339.obj
3,7.314945,10.813724,AircraftBuoyant,m1340.obj
4,6.863499,10.829664,AircraftBuoyant,m1341.obj
5,3.537785,10.723172,AircraftBuoyant,m1342.obj
6,3.13885,10.28478,AircraftBuoyant,m1343.obj
7,3.5297086,10.694067,AircraftBuoyant,m1344.obj
8,10.071143,3.5271373,AircraftBuoyant,m1345.obj
9,5.6588473,10.944509,AircraftBuoyant,m1346.obj
10,3.4417465,11.200801,AircraftBuoyant,m1347.obj
11,5.677274,10.946728,AircraftBuoyant,m1348.obj
12,6.888144,10.822457,AircraftBuoyant,m1349.obj
13,5.5897164,10.97401,AircraftBuoyant,m1350.obj
14,2.9520414,11.371342,AircraftBuoyant,m1351.obj
15,3.3715248,11.223435,AircraftBuoyant,m1352.obj
16,3.0432286,6.3077974,Apartment,D00138.obj
17,1.6850834,8.131913,Apartment,D00348.obj
18,3.5950193,6.4899197,Apartment,D00366.obj
19,1.6263231,8.124,Apartment,D00496.obj
20,2.934506,7.7267327,Apartment,D00639.obj
21,1.7824652,10.325781,Apartment,D00792.obj
22,2.7392771,10.216567,Apartment,D00859.obj
23,1.6961781,8.122496,Apartment,D00869.obj
24,3.57426,8.247838,Apartment,D00953.obj
25,2.687109,7.2053466,Apartment,m463.obj
26,1.7182266,9.881063,Apartment,m465.obj
27,9.858177,9.287809,AquaticAnimal,m53.obj
28,8.64445,10.478968,AquaticAnimal,m54.obj
29,11.090064,6.6421056,AquaticAnimal,m55.obj
30,10.741246,8.067685,AquaticAnimal,m56.obj
31,8.787206,10.34145,AquaticAnimal,m57.obj
32,6.4847674,10.679886,AquaticAnimal,m58.obj
33,6.7598634,10.987022,AquaticAnimal,m59.obj
34,10.537896,8.175162,AquaticAnimal,m60.obj
35,9.92878,8.678971,AquaticAnimal,m61.obj
36,8.678627,10.270154,AquaticAnimal,m62.obj
37,6.1440234,10.231544,AquaticAnimal,m63.obj
38,8.902322,10.254588,AquaticAnimal,m64.obj
39,10.116455,5.317605,AquaticAnimal,m65.obj
40,6.299079,10.011137,AquaticAnimal,m66.obj
41,8.496789,10.528109,AquaticAnimal,m67.obj
42,10.036356,9.178626,AquaticAnimal,m68.obj
43,9.035912,10.089979,AquaticAnimal,m69.obj
44,10.708258,8.042123,AquaticAnimal,m70.obj
45,9.041333,10.050978,AquaticAnimal,m71.obj
46,9.635024,9.4103565,AquaticAnimal,m72.obj
47,9.684195,9.157026,AquaticAnimal,m73.obj
48,10.765988,8.123914,AquaticAnimal,m74.obj
49,10.938985,6.7321763,AquaticAnimal,m75.obj
50,10.730766,8.111302,AquaticAnimal,m76.obj
51,10.807947,6.459061,AquaticAnimal,m77.obj
52,10.742941,8.055811,AquaticAnimal,m78.obj
53,10.7302265,8.129028,AquaticAnimal,m79.obj
54,11.357711,6.1670985,AquaticAnimal,m80.obj
55,10.773889,8.074003,AquaticAnimal,m81.obj
56,3.5361412,6.883981,Bed,D00031.obj
57,3.6928298,5.0560584,Bed,D00110.obj
58,2.9860327,5.2597594,Bed,D00121.obj
59,1.9299979,8.366093,Bed,D00184.obj
60,2.4885254,6.423595,Bed,D00210.obj
61,4.740601,6.8198857,Bed,D00213.obj
62,4.8004045,6.59002,Bed,D00217.obj
63,2.3440382,7.0245605,Bed,D00307.obj
64,4.8197627,5.16657,Bed,D00322.obj
65,3.4187815,6.4509563,Bed,D00417.obj
66,3.5021021,5.5594735,Bed,D00545.obj
67,3.5328898,5.4717765,Bed,D00552.obj
68,3.3545651,5.9933434,Bed,D00565.obj
69,4.619433,6.3335853,Bed,D00650.obj
70,3.175078,6.414267,Bed,D00735.obj
71,3.3315399,8.903882,Bed,D00836.obj
72,2.478701,7.04241,Bed,D00839.obj
73,3.2621517,6.297836,Bed,D00969.obj
74,3.401885,6.487379,Bed,D00988.obj
75,3.3084621,6.0203414,Bed,m945.obj
76,4.9073052,5.0839243,Bed,m946.obj
77,3.70575,4.789122,Bed,m947.obj
78,2.7633276,5.364274,Bed,m948.obj
79,2.7755,5.415416,Bed,m949.obj
80,3.087312,5.1973734,Bed,m950.obj
81,3.0373707,5.422949,Bed,m951.obj
82,11.817894,3.1002147,Bicycle,D00016.obj
83,11.475092,3.9249856,Bicycle,D00033.obj
84,10.872385,3.3691325,Bicycle,D00514.obj
85,11.484884,3.1059015,Bicycle,D00567.obj
86,11.7843275,3.0631347,Bicycle,D00621.obj
87,9.340661,4.0221043,Bicycle,D00750.obj
88,11.539671,3.1011326,Bicycle,D00904.obj
89,9.995381,3.102747,Bicycle,D00974.obj
90,11.373793,3.0428383,Bicycle,m1472.obj
91,11.469251,4.155337,Bicycle,m1473.obj
92,9.975002,3.1004136,Bicycle,m1475.obj
93,11.466455,3.1906326,Bicycle,m1476.obj
94,11.730243,3.036933,Bicycle,m1478.obj
95,9.984664,3.6075757,Biplane,D00069.obj
96,9.828891,3.8383913,Biplane,D00132.obj
97,11.31849,3.2524629,Biplane,D00178.obj
98,9.688475,4.0704727,Biplane,D00199.obj
99,11.490287,3.3730261,Biplane,D00246.obj
100,8.488254,5.3145547,Biplane,D00276.obj
101,11.323759,3.5793016,Biplane,D00320.obj
102,9.963907,4.0996437,Biplane,D00373.obj
103,10.127919,5.597992,Biplane,D00410.obj
104,9.124338,5.329943,Biplane,D00515.obj
105,8.310535,4.4855185,Biplane,D00601.obj
106,10.217948,4.182492,Biplane,D00632.obj
107,9.6355,4.00726,Biplane,D00634.obj
108,8.827668,4.562299,Biplane,D00666.obj
109,11.288412,3.0209808,Biplane,m1118.obj
110,9.313922,4.190555,Biplane,m1119.obj
111,10.130206,4.031934,Biplane,m1121.obj
112,8.981874,4.5462923,Biplane,m1122.obj
113,8.740197,4.5628033,Biplane,m1123.obj
114,9.915025,3.8238714,Biplane,m1124.obj
115,8.802979,4.384542,Biplane,m1125.obj
116,8.517775,4.116587,Biplane,m1126.obj
117,9.209589,4.253482,Biplane,m1127.obj
118,8.851011,4.5505934,Biplane,m1128.obj
119,10.126653,4.1609674,Biplane,m1129.obj
120,9.204889,4.122567,Biplane,m1131.obj
121,10.008461,3.678173,Biplane,m1132.obj
122,10.17115,4.092474,Biplane,m1133.obj
123,11.110432,3.4892707,Biplane,m1134.obj
124,9.852084,3.980401,Biplane,m1135.obj
125,11.866651,3.357242,Biplane,m1136.obj
126,10.845719,4.3955207,Biplane,m1137.obj
127,8.589976,5.248351,Biplane,m1138.obj
128,9.674892,3.7453525,Biplane,m1139.obj
129,10.457528,3.8749592,Biplane,m1141.obj
130,9.775962,3.753331,Biplane,m1143.obj
131,9.952658,3.960051,Biplane,m1144.obj
132,10.7542925,5.5400834,Biplane,m1146.obj
133,11.759446,4.227898,Bird,D00089.obj
134,7.1497493,6.437127,Bird,D00113.obj
135,11.473863,4.2333636,Bird,D00164.obj
136,11.295442,5.357736,Bird,D00234.obj
137,10.199497,2.971727,Bird,D00271.obj
138,11.623271,3.7078753,Bird,D00284.obj
139,12.341505,3.814883,Bird,D00323.obj
140,11.613992,6.2284446,Bird,D00386.obj
141,11.809236,4.376294,Bird,D00438.obj
142,9.842237,4.0874934,Bird,D00442.obj
143,11.598767,5.606835,Bird,D00546.obj
144,11.949701,3.793234,Bird,D00599.obj
145,11.606523,3.3789403,Bird,D00625.obj
146,11.809333,3.4259284,Bird,D00689.obj
147,11.773422,4.3903823,Bird,D00736.obj
148,11.037187,5.279414,Bird,D00762.obj
149,11.573694,4.389011,Bird,D00862.obj
150,10.461571,4.2872195,Bird,D00922.obj
151,11.791268,4.352496,Bird,D00961.obj
152,11.918097,4.7125435,Bird,D00999.obj
153,9.123592,8.875834,Bird,m28.obj
154,9.735085,9.3989,Bird,m29.obj
155,10.27508,8.290239,Bird,m30.obj
156,5.9716215,9.260175,Bird,m31.obj
157,9.639823,9.2213545,Bird,m32.obj
158,5.3683743,6.437004,Bird,m33.obj
159,11.68101,4.2987294,Bird,m34.obj
160,5.2969728,6.7112107,Bird,m35.obj
161,6.6860423,5.2622027,Bird,m36.obj
162,10.614164,4.456506,Bird,m37.obj
163,11.940603,4.696033,Bird,m38.obj
164,11.0446825,6.619123,Bird,m39.obj
165,11.788407,3.3669016,Bird,m40.obj
166,11.865578,4.4206667,Bird,m41.obj
167,11.924097,3.8581088,Bird,m42.obj
168,12.037493,3.2615268,Bird,m43.obj
169,11.40696,4.076521,Bird,m44.obj
170,11.6135845,3.6595824,Bird,m45.obj
171,11.898017,4.4953785,Bird,m47.obj
172,6.6979146,10.732316,Bird,m48.obj
173,3.8611805,10.380786,Bird,m49.obj
174,6.257402,9.825929,Bird,m50.obj
175,3.5739045,10.91023,Bird,m51.obj
176,5.46874,9.109107,Bird,m52.obj
177,2.070916,8.473286,Bookset,D01013.obj
178,2.2634683,8.898135,Bookset,D01030.obj
179,3.3364072,9.125896,Bookset,D01038.obj
180,2.1060297,9.135958,Bookset,D01042.obj
181,2.1443183,8.876471,Bookset,D01050.obj
182,2.0496354,8.491265,Bookset,D01065.obj
183,1.7659527,8.477153,Bookset,D01078.obj
184,2.580812,6.955596,Bookset,D01096.obj
185,1.8713859,8.734261,Bookset,D01108.obj
186,1.9674048,8.322513,Bookset,D01109.obj
187,1.995701,8.859352,Bookset,D01110.obj
188,1.7814226,8.525856,Bookset,D01122.obj
189,2.0974288,8.840715,Bookset,D01146.obj
190,1.9557462,8.616272,Bookset,D01182.obj
191,1.9745083,8.193627,Bookset,D01183.obj
192,1.8916818,8.6893,Bookset,D01184.obj
193,1.6767852,9.802763,Bookset,D01190.obj
194,1.9419537,8.681325,Bookset,D01199.obj
195,2.8087275,11.358667,Bottle,D00020.obj
196,2.4515069,11.196776,Bottle,D00123.obj
197,6.8968062,9.368614,Bottle,D00139.obj
198,1.6413307,10.030029,Bottle,D00166.obj
199,9.944738,3.6257193,Bottle,D00176.obj
200,7.8038635,7.6868086,Bottle,D00208.obj
201,1.698396,10.233647,Bottle,D00281.obj
202,2.4750016,11.194326,Bottle,D00311.obj
203,1.6714256,10.2246685,Bottle,D00347.obj
204,2.7682104,11.317432,Bottle,D00350.obj
205,6.5340705,6.945708,Bottle,D00390.obj
206,1.6329136,10.041068,Bottle,D00451.obj
207,8.347547,6.500639,Bottle,D00679.obj
208,1.6111127,10.180431,Bottle,D00696.obj
209,2.496566,11.099634,Bottle,D00711.obj
210,2.2540574,10.714277,Bottle,D00716.obj
211,2.2823904,11.074172,Bottle,D00726.obj
212,1.6239533,10.186797,Bottle,D00892.obj
213,2.2348788,10.959409,Bottle,D00940.obj
214,3.2086706,11.292372,Bottle,D00959.obj
215,2.2341259,11.0272255,Bottle,m482.obj
216,2.8345401,11.350209,Bottle,m483.obj
217,2.7546806,11.30202,Bottle,m484.obj
218,2.468785,11.202325,Bottle,m485.obj
219,1.8173099,10.536716,Bottle,m486.obj
220,1.6230986,10.176502,Bottle,m487.obj
221,2.416389,11.117586,Bottle,m488.obj
222,2.9567327,10.287281,Bottle,m489.obj
223,1.8509091,10.49615,Bottle,m490.obj
224,4.073914,10.245096,Bottle,m491.obj
225,3.3048818,11.292514,Bottle,m492.obj
226,3.3632674,5.951575,BuildingNonResidential,m382.obj
227,4.0069237,6.5415115,BuildingNonResidential,m383.obj
228,4.0912213,5.0655675,BuildingNonResidential,m384.obj
229,6.133389,6.1039953,BuildingNonResidential,m385.obj
230,2.805172,5.3264337,BuildingNonResidential,m386.obj
231,7.67198,5.3319407,BuildingNonResidential,m387.obj
232,2.0533948,9.291186,BuildingNonResidential,m389.obj
233,3.630712,6.884414,BuildingNonResidential,m390.obj
234,5.585143,8.122616,BuildingNonResidential,m391.obj
235,1.6918269,8.036084,BuildingNonResidential,m392.obj
236,6.09727,6.315045,BuildingNonResidential,m393.obj
237,3.2735295,6.5067515,BuildingNonResidential,m394.obj
238,3.1209497,6.6991944,BuildingNonResidential,m395.obj
239,3.5226216,6.189914,BuildingNonResidential,m396.obj
240,3.226946,6.535551,BuildingNonResidential,m397.obj
241,2.8317168,8.927354,BuildingNonResidential,m398.obj
242,2.579994,6.0815144,BuildingNonResidential,m399.obj
243,2.5823383,6.492899,BuildingNonResidential,m400.obj
244,6.8222737,6.1649404,BuildingNonResidential,m401.obj
245,2.9317255,7.2107034,BuildingNonResidential,m402.obj
246,4.032556,8.55614,BuildingNonResidential,m404.obj
247,2.4983473,6.790018,BuildingNonResidential,m405.obj
248,6.245663,6.170686,BuildingNonResidential,m407.obj
249,1.8638121,8.636376,BuildingNonResidential,m408.obj
250,8.4973755,9.500332,BuildingNonResidential,m409.obj
251,3.8119912,7.0120974,BuildingNonResidential,m410.obj
252,10.081055,3.6213872,BuildingNonResidential,m412.obj
253,2.5158205,6.9026976,BuildingNonResidential,m413.obj
254,3.6479247,6.378018,BuildingNonResidential,m414.obj
255,3.8223646,6.862506,BuildingNonResidential,m415.obj
256,2.6032102,7.088534,BuildingNonResidential,m416.obj
257,2.4313967,6.54718,BuildingNonResidential,m418.obj
258,10.707662,6.616214,BuildingNonResidential,m470.obj
259,5.7446632,10.974842,BuildingNonResidential,m471.obj
260,7.8191996,9.479438,BuildingNonResidential,m472.obj
261,7.825545,4.0056663,BuildingNonResidential,m474.obj
262,11.287916,3.9694643,BuildingNonResidential,m475.obj
263,7.5275083,3.79283,BuildingNonResidential,m477.obj
264,7.0983963,3.295688,BuildingNonResidential,m478.obj
265,10.36328,5.5704255,BuildingNonResidential,m479.obj
266,3.9566407,4.64792,BuildingNonResidential,m481.obj
267,2.8038259,7.18612,Bus,D00114.obj
268,1.7504711,10.2214775,Bus,D00179.obj
269,4.9028196,10.642631,Bus,D00264.obj
270,4.895457,8.465123,Bus,D00411.obj
271,2.13448,10.820724,Bus,D00436.obj
272,2.1946497,10.730722,Bus,D00446.obj
273,2.399574,9.877237,Bus,D00448.obj
274,2.1803477,10.818664,Bus,D00516.obj
275,8.252999,5.118461,Bus,D00815.obj
276,4.991461,8.537024,Bus,D00823.obj
277,2.4608583,10.928593,Bus,D00832.obj
278,6.033421,8.376991,Bus,D00857.obj
279,6.48882,8.943994,Car,D00168.obj
280,4.391884,10.788612,Car,D00265.obj
281,3.1084793,8.018275,Car,D00299.obj
282,4.482114,9.7874775,Car,D00377.obj
283,4.937675,9.254273,Car,D00405.obj
284,4.29635,7.7930408,Car,D00452.obj
285,4.7536006,8.676161,Car,D00504.obj
286,2.8898215,10.2234955,Car,D00541.obj
287,4.606054,10.770366,Car,D00618.obj
288,7.987058,9.198006,Car,D00670.obj
289,3.5961056,9.738446,Car,D00724.obj
290,4.7226424,10.702782,Car,D00767.obj
291,4.3275695,10.213481,Car,D00785.obj
292,4.23102,10.793201,Car,D00793.obj
293,5.6033835,8.510095,Car,D00803.obj
294,4.703556,10.752883,Car,D00865.obj
295,4.5082746,9.851167,Car,m1485.obj
296,4.4262357,10.098091,Car,m1486.obj
297,4.6686063,7.033556,Car,m1487.obj
298,3.8479884,6.5974684,Car,m1488.obj
299,5.161062,9.0165415,Car,m1489.obj
300,6.924326,7.924145,Car,m1490.obj
301,6.450916,6.3866596,Car,m1492.obj
302,7.570199,5.9726825,Car,m1495.obj
303,6.5703425,8.918225,Car,m1496.obj
304,5.4855433,8.72436,Car,m1497.obj
305,5.0754576,8.6201935,Car,m1498.obj
306,5.291008,9.009244,Car,m1500.obj
307,8.428431,9.118221,Car,m1502.obj
308,8.185521,5.2489343,Car,m1504.obj
309,7.60094,7.841508,Car,m1505.obj
310,6.4810543,5.357773,Car,m1506.obj
311,7.112717,5.637693,Car,m1507.obj
312,8.139197,8.598181,Car,m1508.obj
313,6.950672,5.554247,Car,m1511.obj
314,5.9663687,7.8633037,Car,m1512.obj
315,8.666512,5.76084,Car,m1513.obj
316,7.6999526,7.7535906,Car,m1514.obj
317,9.765368,7.2954335,Car,m1515.obj
318,3.3908777,10.332027,Car,m1516.obj
319,4.3302293,10.747261,Car,m1517.obj
320,4.128121,10.791718,Car,m1518.obj
321,4.6018524,10.809376,Car,m1519.obj
322,2.720094,10.702373,Car,m1521.obj
323,5.888572,10.074478,Car,m1522.obj
324,4.5756207,10.798194,Car,m1523.obj
325,4.4119616,10.702613,Car,m1524.obj
326,4.882977,9.001414,Car,m1525.obj
327,4.253937,10.054552,Car,m1526.obj
328,4.803066,8.593539,Car,m1527.obj
329,3.6740556,9.932146,Car,m1528.obj
330,4.188199,10.714856,Car,m1529.obj
331,2.368077,11.0393,Car,m1530.obj
332,4.948989,10.718271,Car,m1531.obj
333,2.9052422,10.782267,Car,m1532.obj
334,4.184542,10.778277,Car,m1533.obj
335,5.366231,8.8405075,Car,m1535.obj
336,2.7647703,11.241945,Car,m1536.obj
337,4.5814686,10.791603,Car,m1538.obj
338,4.490265,9.773386,Car,m1539.obj
339,4.374764,10.022369,Car,m1540.obj
340,4.5913363,9.628387,Car,m1542.obj
341,4.2720656,10.800838,Car,m1543.obj
342,2.745868,10.225893,Car,m1545.obj
343,3.680701,6.9800644,Car,m1546.obj
344,5.595798,8.287251,Car,m1547.obj
345,2.8064954,10.251377,Car,m1548.obj
346,4.522901,10.781998,Car,m1550.obj
347,4.8133597,10.736788,Car,m1552.obj
348,6.329111,10.3259115,Car,m1553.obj
349,4.920606,9.257796,Car,m1557.obj
350,5.7653575,8.763042,Car,m1558.obj
351,5.1936746,7.334166,Car,m1561.obj
352,3.527486,6.4510727,Car,m1562.obj
353,3.8243544,7.1172833,Car,m1563.obj
354,4.3814535,10.108256,Cellphone,D00018.obj
355,1.7823279,10.475843,Cellphone,D00032.obj
356,3.0830798,10.976417,Cellphone,D00079.obj
357,1.8218877,10.558894,Cellphone,D00192.obj
358,5.34953,10.899401,Cellphone,D00248.obj
359,5.032715,4.622698,Cellphone,D00312.obj
360,2.0150964,10.727598,Cellphone,D00327.obj
361,1.7659817,10.493392,Cellphone,D00362.obj
362,2.6634138,11.209587,Cellphone,D00369.obj
363,3.0432,11.399607,Cellphone,D00440.obj
364,1.9519582,10.660069,Cellphone,D00527.obj
365,2.77831,11.275229,Cellphone,D00542.obj
366,1.8030623,10.500021,Cellphone,D00554.obj
367,1.9160178,10.681739,Cellphone,D00559.obj
368,1.7571158,10.508381,Cellphone,D00817.obj
369,2.546101,11.141334,Cellphone,D00848.obj
370,1.9559981,10.680143,Cellphone,D00902.obj
371,2.3943112,11.079917,Cellphone,D00979.obj
372,2.3356836,10.989697,Cellphone,D00997.obj
373,5.0685863,7.532407,Chess,D01017.obj
374,6.838786,9.721839,Chess,D01019.obj
375,6.3986583,9.471921,Chess,D01021.obj
376,7.351511,9.710417,Chess,D01043.obj
377,6.9629154,9.828705,Chess,D01045.obj
378,9.099018,3.8413527,Chess,D01049.obj
379,6.0920157,8.414108,Chess,D01053.obj
380,7.6937284,9.580103,Chess,D01080.obj
381,6.3661556,8.456873,Chess,D01081.obj
382,5.9763236,8.404378,Chess,D01099.obj
383,6.7756705,9.905071,Chess,D01105.obj
384,7.874494,9.5408535,Chess,D01112.obj
385,7.9159217,8.792874,Chess,D01123.obj
386,6.129361,9.751816,Chess,D01126.obj
387,6.9207225,9.795802,Chess,D01130.obj
388,6.876344,9.699017,Chess,D01138.obj
389,7.9100842,8.846262,Chess,D01145.obj
390,5.9340534,8.218683,Chess,D01171.obj
391,5.9030905,9.855226,Chess,D01186.obj
392,4.3175006,6.3803425,Chess,D01188.obj
393,5.6668386,4.492903,Chess,m1589.obj
394,5.7489805,6.242324,Chess,m1591.obj
395,7.8536267,9.542043,Chess,m1598.obj
396,7.6890616,9.583393,Chess,m1599.obj
397,6.8725104,9.700485,Chess,m1600.obj
398,6.38386,8.466858,Chess,m1601.obj
399,7.3427505,9.668935,Chess,m1603.obj
400,9.100942,3.8342733,Chess,m1604.obj
401,6.094774,8.409449,Chess,m1605.obj
402,5.9665756,8.389154,Chess,m1606.obj
403,6.1529217,9.768133,Chess,m1607.obj
404,4.298926,6.3191204,Chess,m1608.obj
405,5.9137325,9.797165,Chess,m1609.obj
406,5.9461184,8.242587,Chess,m1610.obj
407,6.3621573,9.461545,Chess,m1611.obj
408,6.916086,9.8000145,Chess,m1612.obj
409,6.782861,9.869755,Chess,m1613.obj
410,7.879453,8.853134,Chess,m1614.obj
411,5.5512705,8.806828,City,D01001.obj
412,5.6121445,8.979945,City,D01007.obj
413,6.940324,8.045499,City,D01010.obj
414,5.444285,3.7422507,City,D01039.obj
415,4.5056014,4.5744743,City,D01056.obj
416,8.991131,5.869116,City,D01068.obj
417,5.9688697,4.5788083,City,D01091.obj
418,4.350561,5.5371714,City,D01092.obj
419,11.146971,6.5184336,City,D01103.obj
420,9.324696,5.5375524,City,D01124.obj
421,7.5612493,5.8686004,City,D01133.obj
422,9.337026,5.5719476,City,D01173.obj
423,5.7174487,8.734634,City,D01181.obj
424,11.152604,6.4951334,City,m1652.obj
425,8.98904,5.9138007,City,m1654.obj
426,7.5426726,5.880848,City,m1659.obj
427,9.322832,5.557186,City,m1660.obj
428,5.3724027,3.7571323,City,m1661.obj
429,6.90027,8.037276,City,m1664.obj
430,4.0370846,5.969234,ClassicPiano,D00005.obj
431,7.4970746,5.833935,ClassicPiano,D00009.obj
432,5.307763,8.976345,ClassicPiano,D00034.obj
433,6.302522,5.316804,ClassicPiano,D00120.obj
434,5.9797583,6.8393292,ClassicPiano,D00190.obj
435,7.611491,5.4951253,ClassicPiano,D00233.obj
436,7.3083234,5.9376554,ClassicPiano,D00254.obj
437,7.3172083,7.883973,ClassicPiano,D00305.obj
438,6.4546633,6.246615,ClassicPiano,D00561.obj
439,6.769395,6.1582355,ClassicPiano,D00579.obj
440,6.470782,6.320751,ClassicPiano,D00784.obj
441,7.682603,5.608854,ClassicPiano,D00789.obj
442,7.438024,6.1773934,ClassicPiano,D00811.obj
443,7.0620537,6.4003296,ClassicPiano,D00845.obj
444,7.0649343,6.326949,ClassicPiano,D00967.obj
445,9.250563,7.9637823,ClassicPiano,D00983.obj
446,3.2726302,5.215062,Computer,D01002.obj
447,5.9110594,8.037258,Computer,D01026.obj
448,5.3697143,8.837161,Computer,D01028.obj
449,3.768881,7.937029,Computer,D01033.obj
450,2.3011599,7.050118,Computer,D01037.obj
451,4.8855805,6.9832845,Computer,D01067.obj
452,3.111532,8.937749,Computer,D01070.obj
453,4.6534953,5.145406,Computer,D01071.obj
454,5.605143,7.966735,Computer,D01072.obj
455,3.0627666,9.282477,Computer,D01073.obj
456,2.1807163,9.628407,Computer,D01082.obj
457,1.7349234,8.214935,Computer,D01085.obj
458,2.8112822,5.6869564,Computer,D01098.obj
459,3.7212682,7.864282,Computer,D01100.obj
460,5.080065,7.0861216,Computer,D01102.obj
461,3.4416022,8.221931,Computer,D01128.obj
462,5.1301627,8.546199,Computer,D01164.obj
463,3.4830847,5.822978,Computer,D01185.obj
464,2.8063092,5.6711187,Computer,m1764.obj
465,5.061305,7.0726795,Computer,m1765.obj
466,4.7256746,5.129846,Computer,m1766.obj
467,3.2542593,5.2143836,Computer,m1767.obj
468,1.7479275,8.209119,Computer,m1769.obj
469,3.7459075,7.954821,Computer,m1770.obj
470,3.4694505,8.254832,Computer,m1772.obj
471,5.384088,8.835401,Computer,m1773.obj
472,2.2565978,7.0357976,Computer,m1774.obj
473,5.896682,8.0334835,Computer,m1775.obj
474,3.5061066,5.8076205,Computer,m1776.obj
475,5.6482625,7.966314,Computer,m1777.obj
476,4.874733,7.0133376,Computer,m1778.obj
477,1.843486,10.614246,ComputerKeyboard,D00116.obj
478,1.782023,10.555257,ComputerKeyboard,D00127.obj
479,2.8489418,10.893836,ComputerKeyboard,D00197.obj
480,1.8542473,10.642656,ComputerKeyboard,D00278.obj
481,5.572691,10.342726,ComputerKeyboard,D00360.obj
482,5.164376,10.636152,ComputerKeyboard,D00382.obj
483,3.8726268,10.295182,ComputerKeyboard,D00420.obj
484,3.2909226,9.548882,ComputerKeyboard,D00493.obj
485,4.061849,10.96469,ComputerKeyboard,D00525.obj
486,5.288895,9.857627,ComputerKeyboard,D00569.obj
487,5.277699,8.44671,ComputerKeyboard,D00597.obj
488,1.7793607,10.484269,ComputerKeyboard,D00600.obj
489,5.232283,9.081279,ComputerKeyboard,D00627.obj
490,4.926802,10.527459,ComputerKeyboard,D00654.obj
491,2.6992557,10.906558,ComputerKeyboard,D00673.obj
492,5.427887,7.9459777,ComputerKeyboard,D00676.obj
493,4.2336073,10.911105,ComputerKeyboard,D00692.obj
494,1.7819196,10.563967,ComputerKeyboard,D00905.obj
495,5.4446654,9.749814,ComputerKeyboard,D00990.obj
496,3.7048671,4.8886847,Cup,D00035.obj
497,7.729366,4.1910367,Cup,D00067.obj
498,5.4121475,4.4430246,Cup,D00174.obj
499,3.3524246,5.033265,Cup,D00206.obj
500,3.301841,5.776885,Cup,D00214.obj
501,7.2042904,5.2028055,Cup,D00270.obj
502,7.1830926,5.2937613,Cup,D00328.obj
503,8.488124,3.9718084,Cup,D00355.obj
504,4.0093846,4.7281938,Cup,D00363.obj
505,8.317625,4.1427207,Cup,D00457.obj
506,3.81791,5.6884046,Cup,D00463.obj
507,6.5235157,5.1941843,Cup,D00519.obj
508,5.7055435,4.4658213,Cup,D00550.obj
509,5.52363,4.5067124,Cup,D00587.obj
510,5.589651,4.470752,Cup,D00638.obj
511,9.551568,7.35223,Cup,D00642.obj
512,4.957287,4.000814,Cup,D00738.obj
513,5.9184356,5.4964566,Cup,D00843.obj
514,3.4321637,5.0656757,Cup,D00874.obj
515,4.9175763,5.172167,Cup,D00882.obj
516,8.265037,3.9320204,Cup,m494.obj
517,4.346294,4.55725,Cup,m495.obj
518,4.2320166,5.702895,Cup,m496.obj
519,5.739493,8.376544,Cup,m497.obj
520,3.6859097,4.932485,Cup,m498.obj
521,4.9667797,4.119106,Cup,m499.obj
522,3.2054203,6.670464,Cup,m500.obj
523,4.06157,5.0392413,Cup,m501.obj
524,4.2651715,5.8569207,Cup,m502.obj
525,5.700306,10.243673,Cup,m526.obj
526,6.433137,8.3013735,DeskLamp,D00048.obj
527,9.495821,7.327733,DeskLamp,D00090.obj
528,11.958538,3.1013234,DeskLamp,D00147.obj
529,9.687423,4.283979,DeskLamp,D00257.obj
530,12.266378,3.8129401,DeskLamp,D00268.obj
531,12.029309,3.2480714,DeskLamp,D00330.obj
532,10.160765,5.4531875,DeskLamp,D00378.obj
533,7.9478993,4.169938,DeskLamp,D00435.obj
534,11.0975685,2.9126375,DeskLamp,D00455.obj
535,10.583355,3.7252052,DeskLamp,D00531.obj
536,8.038237,3.9549105,DeskLamp,D00547.obj
537,10.272925,5.4049916,DeskLamp,D00686.obj
538,11.154485,3.493147,DeskLamp,D00693.obj
539,9.340057,7.713785,DeskLamp,D00698.obj
540,7.6179686,3.7459753,DeskLamp,D00715.obj
541,6.3870316,5.4750366,DeskLamp,D00759.obj
542,11.382883,4.111096,DeskLamp,D00776.obj
543,8.235744,4.127407,DeskLamp,D00797.obj
544,10.275518,5.469719,DeskLamp,D00912.obj
545,7.3233557,5.566617,DeskLamp,m603.obj
546,11.38673,2.9893434,DeskLamp,m604.obj
547,9.328752,7.68321,DeskLamp,m605.obj
548,10.135233,5.4469504,DeskLamp,m606.obj
549,6.28448,5.240124,DeskLamp,m608.obj
550,11.900731,4.5074744,DeskLamp,m609.obj
551,10.132684,5.416853,DeskLamp,m611.obj
552,11.947457,3.4323518,DeskLamp,m613.obj
553,8.004557,3.7162676,DeskLamp,m614.obj
554,10.483479,3.0834138,DeskLamp,m615.obj
555,8.303873,4.147483,DeskLamp,m616.obj
556,4.1480627,10.4379425,DeskPhone,D00118.obj
557,7.353918,9.675761,DeskPhone,D00135.obj
558,4.028278,9.501581,DeskPhone,D00154.obj
559,4.8008714,7.099507,DeskPhone,D00220.obj
560,6.8610196,8.025336,DeskPhone,D00318.obj
561,6.040469,6.080642,DeskPhone,D00403.obj
562,3.4936354,8.908572,DeskPhone,D00486.obj
563,8.056395,9.639401,DeskPhone,D00511.obj
564,1.7587107,7.989765,DeskPhone,D00556.obj
565,5.035186,7.0065985,DeskPhone,D00576.obj
566,1.6819587,8.197081,DeskPhone,D00680.obj
567,3.4347847,6.567412,DeskPhone,D00829.obj
568,3.9464457,6.178123,DeskPhone,D00894.obj
569,6.356425,8.536187,DeskPhone,D00899.obj
570,4.7078767,8.538375,DeskPhone,D00957.obj
571,1.7312846,8.6709795,DeskPhone,D00958.obj
572,6.355173,5.126328,Door,D01005.obj
573,5.7260814,3.534618,Door,D01029.obj
574,1.6508904,9.918771,Door,D01052.obj
575,5.597224,5.1800723,Door,D01058.obj
576,1.6603628,8.030112,Door,D01062.obj
577,3.2994025,9.098855,Door,D01076.obj
578,5.312834,8.286484,Door,D01104.obj
579,5.0458856,7.043273,Door,D01114.obj
580,1.6278783,9.958118,Door,D01121.obj
581,5.5053644,8.025265,Door,D01129.obj
582,5.197813,7.651519,Door,D01136.obj
583,12.689281,4.62279,Door,D01139.obj
584,5.3205886,7.873554,Door,D01141.obj
585,5.758048,5.080007,Door,D01143.obj
586,1.8052408,10.575993,Door,D01144.obj
587,3.7718382,5.784341,Door,D01155.obj
588,5.450958,5.1398444,Door,D01158.obj
589,1.8492796,10.00624,Door,D01167.obj
590,6.1469817,4.675951,Door,D01177.obj
591,12.964982,5.0177855,Door,D01194.obj
592,5.6634417,3.556517,Door,m1707.obj
593,1.6646059,9.96654,Door,m1708.obj
594,5.8072243,4.568007,Door,m1710.obj
595,1.817087,10.57666,Door,m1711.obj
596,3.2811282,9.085741,Door,m1712.obj
597,6.3118014,5.1252036,Door,m1713.obj
598,5.3178954,8.204751,Door,m1714.obj
599,1.6479063,9.93236,Door,m1715.obj
600,5.3381205,7.964744,Door,m1716.obj
601,5.59211,5.1461415,Door,m1717.obj
602,5.521394,8.033451,Door,m1718.obj
603,5.212148,7.6781693,Door,m1720.obj
604,5.431343,5.1421876,Door,m1721.obj
605,5.0442085,7.0458374,Door,m1722.obj
606,1.670084,8.043335,Door,m1723.obj
607,1.8386474,10.063601,Door,m1724.obj
608,10.478529,5.543506,Door,m1725.obj
609,3.8200765,5.800953,Door,m1726.obj
610,3.5160675,5.998872,Door,m1727.obj
611,2.9111426,5.6648116,Door,m1728.obj
612,5.704334,5.840963,Door,m1729.obj
613,5.704787,5.8543005,Door,m1730.obj
614,6.010192,5.0910687,Door,m1731.obj
615,3.270881,6.021425,Door,m1732.obj
616,6.7538285,6.2107654,Drum,D00026.obj
617,1.8072188,8.693188,Drum,D00063.obj
618,1.6340383,8.305271,Drum,D00115.obj
619,2.1373935,8.920493,Drum,D00163.obj
620,5.4371624,6.0642495,Drum,D00189.obj
621,1.7390865,8.93682,Drum,D00193.obj
622,3.3351312,6.9279466,Drum,D00297.obj
623,4.640985,8.5051985,Drum,D00298.obj
624,2.3380303,8.94433,Drum,D00308.obj
625,4.3894324,9.0839,Drum,D00375.obj
626,1.7313386,7.9720254,Drum,D00383.obj
627,1.7841834,7.9678807,Drum,D00404.obj
628,1.8884041,9.289013,Drum,D00551.obj
629,2.904357,6.4390736,Drum,D00557.obj
630,1.739614,8.592434,Drum,D00596.obj
631,1.9829563,10.350276,Drum,D00709.obj
632,3.176716,6.943386,Drum,D00939.obj
633,3.4339383,8.566888,Drum,D00951.obj
634,1.6365726,9.849399,Drum,D00980.obj
635,1.9756162,8.763608,Drum,D00982.obj
636,8.9751005,10.047932,Fish,D00012.obj
637,9.621931,9.462014,Fish,D00022.obj
638,9.008889,10.10738,Fish,D00024.obj
639,9.638768,9.425928,Fish,D00030.obj
640,9.686087,9.207108,Fish,D00142.obj
641,9.577043,9.542478,Fish,D00165.obj
642,7.3214045,9.632147,Fish,D00251.obj
643,9.385947,9.3908205,Fish,D00293.obj
644,9.477096,9.157789,Fish,D00351.obj
645,9.160045,9.974589,Fish,D00398.obj
646,9.574953,9.212488,Fish,D00450.obj
647,10.551394,8.098883,Fish,D00535.obj
648,9.539088,9.519304,Fish,D00633.obj
649,8.464526,9.684194,Fish,D00636.obj
650,9.849525,8.685485,Fish,D00643.obj
651,10.57825,8.2336035,Fish,D00682.obj
652,9.210888,9.923714,Fish,D00748.obj
653,9.464136,8.991787,Fish,D00763.obj
654,9.719949,9.195045,Fish,D00850.obj
655,10.913481,6.65014,Fish,D00950.obj
656,7.8681874,4.0387945,FloorLamp,D00028.obj
657,6.68432,5.644011,FloorLamp,D00093.obj
658,7.7602587,5.467897,FloorLamp,D00186.obj
659,9.061998,6.735805,FloorLamp,D00211.obj
660,8.755446,4.901553,FloorLamp,D00228.obj
661,6.933573,6.027704,FloorLamp,D00388.obj
662,8.222835,5.133447,FloorLamp,D00400.obj
663,6.7255983,6.1599536,FloorLamp,D00408.obj
664,6.7843184,6.2131443,FloorLamp,D00447.obj
665,9.387705,5.650738,FloorLamp,D00495.obj
666,7.641609,5.2725697,FloorLamp,D00563.obj
667,8.336804,4.568831,FloorLamp,D00740.obj
668,8.132312,5.1965632,FloorLamp,D00856.obj
669,6.7386403,7.9232593,FloorLamp,D00875.obj
670,6.0564733,7.7843094,FloorLamp,D00876.obj
671,7.120018,5.908969,FloorLamp,D00888.obj
672,7.4620275,6.022575,FloorLamp,D00924.obj
673,8.27256,5.2524915,FloorLamp,D00955.obj
674,8.949424,5.6324563,FloorLamp,D00981.obj
675,11.059587,5.3100567,FloorLamp,m617.obj
676,11.863811,5.959793,FloorLamp,m618.obj
677,10.516218,8.979107,FloorLamp,m619.obj
678,12.032871,3.5496225,FloorLamp,m620.obj
679,11.767525,4.949945,FloorLamp,m621.obj
680,12.363564,4.159152,FloorLamp,m622.obj
681,10.994351,6.9111667,FloorLamp,m623.obj
682,11.809748,4.435402,FloorLamp,m624.obj
683,5.701145,3.4921327,Glasses,D00050.obj
684,3.8334928,4.449087,Glasses,D00201.obj
685,5.1349096,3.996669,Glasses,D00225.obj
686,5.8324294,3.4540634,Glasses,D00432.obj
687,5.27218,3.7477689,Glasses,D00475.obj
688,5.7069206,3.5047164,Glasses,D00507.obj
689,5.6944423,3.4938657,Glasses,D00560.obj
690,5.4450393,3.5907393,Glasses,D00575.obj
691,3.519551,4.6900983,Glasses,D00630.obj
692,5.781177,3.455914,Glasses,D00640.obj
693,3.792854,5.637535,Glasses,D00656.obj
694,3.624244,4.6702037,Glasses,D00660.obj
695,3.5555701,4.718769,Glasses,D00717.obj
696,5.7719264,3.4424605,Glasses,D00730.obj
697,6.97764,3.295956,Glasses,D00813.obj
698,4.6723294,4.033585,Glasses,D00816.obj
699,5.877472,3.4710774,Glasses,D00877.obj
700,4.8201346,4.05593,Glasses,D00883.obj
701,5.579328,3.5091946,Glasses,D00937.obj
702,5.6465554,3.4738266,Glasses,D00994.obj
703,7.792579,10.564124,Guitar,D00023.obj
704,12.959514,5.0939026,Guitar,D00041.obj
705,10.984309,8.521161,Guitar,D00076.obj
706,6.375832,11.002753,Guitar,D00097.obj
707,7.4435472,10.945305,Guitar,D00124.obj
708,7.0135355,10.913176,Guitar,D00222.obj
709,7.329168,10.832041,Guitar,D00232.obj
710,10.999385,8.343003,Guitar,D00374.obj
711,7.864249,10.603743,Guitar,D00414.obj
712,7.58614,10.729192,Guitar,D00416.obj
713,10.81041,9.270393,Guitar,D00461.obj
714,8.838245,9.449963,Guitar,D00464.obj
715,10.510936,5.0526047,Guitar,D00534.obj
716,9.506018,10.127254,Guitar,D00549.obj
717,8.558395,10.2933,Guitar,D00645.obj
718,12.973033,5.0277863,Guitar,D00655.obj
719,5.754226,10.8504,Guitar,D00844.obj
720,5.9375944,10.355041,Gun,D00103.obj
721,7.09307,9.619045,Gun,D00137.obj
722,8.310516,9.406802,Gun,D00140.obj
723,7.974783,9.745746,Gun,D00153.obj
724,8.319876,10.228557,Gun,D00161.obj
725,6.459811,9.137765,Gun,D00204.obj
726,5.829448,9.993546,Gun,D00209.obj
727,10.989311,8.36442,Gun,D00239.obj
728,5.535242,10.1768265,Gun,D00244.obj
729,8.319556,9.802357,Gun,D00282.obj
730,6.1749983,10.216525,Gun,D00368.obj
731,6.248778,9.582472,Gun,D00425.obj
732,9.643809,9.986572,Gun,D00477.obj
733,6.571382,8.523898,Gun,D00606.obj
734,8.803102,10.034087,Gun,D00802.obj
735,11.21556,6.595088,Gun,D00826.obj
736,5.2909827,10.874255,Gun,D00929.obj
737,9.369852,7.3796144,Gun,D00972.obj
738,9.903646,8.535998,Gun,m648.obj
739,5.9698715,10.276467,Gun,m649.obj
740,5.7290626,10.500201,Gun,m650.obj
741,8.091222,8.714008,Gun,m651.obj
742,6.4792953,9.141104,Gun,m652.obj
743,9.61348,9.06041,Gun,m653.obj
744,2.3982027,11.164995,Gun,m654.obj
745,7.9488196,9.799712,Gun,m655.obj
746,6.007341,8.614948,Gun,m657.obj
747,5.556515,10.172138,Gun,m658.obj
748,10.773171,8.565437,Gun,m659.obj
749,10.117158,8.221881,Gun,m660.obj
750,5.102508,10.6368265,Gun,m661.obj
751,3.9396806,10.824733,Gun,m662.obj
752,4.14905,10.831465,Gun,m663.obj
753,6.199996,10.235823,Gun,m664.obj
754,7.576518,9.631555,Gun,m665.obj
755,6.810215,8.0255575,Gun,m666.obj
756,10.953395,8.20927,Gun,m667.obj
757,11.171754,6.658695,Gun,m668.obj
758,10.784413,9.088823,Gun,m669.obj
759,10.769197,9.213631,Gun,m670.obj
760,10.6572695,9.137645,Gun,m671.obj
761,8.008419,10.59173,Gun,m672.obj
762,7.6481853,10.741431,Gun,m674.obj
763,10.531118,8.944479,Gun,m675.obj
764,10.696381,8.600405,Gun,m676.obj
765,7.4090304,10.947087,Gun,m677.obj
766,9.701308,9.9538355,Gun,m678.obj
767,9.612571,9.99532,Gun,m679.obj
768,10.82193,9.219656,Gun,m680.obj
769,10.310658,9.391307,Gun,m681.obj
770,10.069685,9.528089,Gun,m682.obj
771,10.099301,9.541432,Gun,m683.obj
772,11.466569,3.3951154,Gun,m684.obj
773,6.772848,10.813992,Gun,m685.obj
774,8.645672,10.326763,Gun,m686.obj
775,5.821851,10.015902,Hand,D01006.obj
776,8.565862,9.079745,Hand,D01020.obj
777,5.9713345,10.233966,Hand,D01022.obj
778,5.0080924,9.061777,Hand,D01024.obj
779,6.95507,9.573415,Hand,D01041.obj
780,6.8029294,9.656931,Hand,D01060.obj
781,6.700712,9.601749,Hand,D01074.obj
782,9.618331,7.86224,Hand,D01093.obj
783,6.782677,9.366228,Hand,D01097.obj
784,9.036438,9.980122,Hand,D01106.obj
785,6.5592284,9.697007,Hand,D01117.obj
786,8.616679,9.080529,Hand,D01118.obj
787,8.005109,10.264159,Hand,D01153.obj
788,3.8265483,10.0702,Hand,D01162.obj
789,8.423788,9.529503,Hand,D01170.obj
790,6.8289127,10.681418,Hand,D01172.obj
791,5.712654,10.045435,Hand,D01193.obj
792,9.645686,7.340595,Hand,D01197.obj
793,8.271237,10.420064,Hand,D01198.obj
794,9.593232,7.50137,Hand,D01200.obj
795,6.8365912,10.699748,Hand,m323.obj
796,7.997948,10.243183,Hand,m324.obj
797,6.933383,9.553847,Hand,m325.obj
798,6.797981,9.645476,Hand,m326.obj
799,5.710169,10.048157,Hand,m327.obj
800,6.5733414,9.70178,Hand,m328.obj
801,6.7833495,9.355264,Hand,m329.obj
802,5.9268513,10.185466,Hand,m330.obj
803,6.6891494,9.614902,Hand,m331.obj
804,3.8254607,10.084353,Hand,m332.obj
805,4.632989,9.92667,Hand,m333.obj
806,5.0367513,9.042234,Hand,m334.obj
807,5.851666,10.020921,Hand,m335.obj
808,8.616324,9.090879,Hand,m336.obj
809,8.268458,10.4301195,Hand,m337.obj
810,8.436276,9.5431185,Hand,m338.obj
811,9.040871,10.01175,Hand,m339.obj
812,6.504577,8.888708,Hat,m1627.obj
813,3.0072463,10.188296,Hat,m1628.obj
814,7.7236276,5.7873344,Hat,m1629.obj
815,6.7628384,7.8492236,Hat,m1630.obj
816,6.695813,7.737841,Hat,m1631.obj
817,6.993352,5.9390664,Hat,m1632.obj
818,8.998153,8.075646,Hat,m1633.obj
819,3.3214507,8.507498,Hat,m1634.obj
820,6.8292885,6.4042006,Hat,m1635.obj
821,7.607591,5.8199406,Hat,m1636.obj
822,7.020615,5.973517,Hat,m1637.obj
823,7.2503085,6.3718386,Hat,m1638.obj
824,7.3406053,5.762817,Hat,m1639.obj
825,6.900985,6.05107,Hat,m1640.obj
826,7.4265833,5.688054,Hat,m1641.obj
827,11.08418,4.2610173,Helicopter,D00038.obj
828,10.417956,3.2055733,Helicopter,D00191.obj
829,11.320286,3.5538723,Helicopter,D00397.obj
830,10.513643,3.0949082,Helicopter,D00423.obj
831,11.603841,3.573391,Helicopter,D00470.obj
832,11.446559,3.5139873,Helicopter,D00471.obj
833,10.651002,3.1929271,Helicopter,D00473.obj
834,11.210872,4.709895,Helicopter,D00498.obj
835,11.737122,3.5869274,Helicopter,D00502.obj
836,10.805542,3.2235765,Helicopter,D00644.obj
837,11.369223,3.5016525,Helicopter,D00658.obj
838,9.998311,2.9790893,Helicopter,D00751.obj
839,11.446997,4.3617806,Helicopter,D00796.obj
840,10.383623,3.0197024,Helicopter,D00820.obj
841,11.039807,3.4057205,Helicopter,D00868.obj
842,11.381122,3.544847,Helicopter,D00977.obj
843,10.880171,4.3224187,Helicopter,D00986.obj
844,10.38549,2.8909419,Helicopter,D00991.obj
845,11.645113,5.989869,Helicopter,m1302.obj
846,9.239432,7.878768,Helicopter,m1304.obj
847,10.5386505,8.755339,Helicopter,m1305.obj
848,10.199781,5.3080573,Helicopter,m1306.obj
849,10.322721,2.8727138,Helicopter,m1309.obj
850,10.470445,3.079674,Helicopter,m1310.obj
851,11.66918,3.6865108,Helicopter,m1311.obj
852,11.371748,4.4253726,Helicopter,m1312.obj
853,11.1709,3.4261377,Helicopter,m1313.obj
854,7.465206,3.9885905,Helicopter,m1314.obj
855,11.415909,3.7075028,Helicopter,m1315.obj
856,11.271212,4.7817755,Helicopter,m1316.obj
857,10.893982,4.2896023,Helicopter,m1317.obj
858,11.308647,3.066584,Helicopter,m1318.obj
859,10.39367,2.9312193,Helicopter,m1319.obj
860,10.514195,3.5516675,Helicopter,m1320.obj
861,11.748151,3.5709112,Helicopter,m1321.obj
862,11.747702,3.3792436,Helicopter,m1322.obj
863,10.26964,2.8773043,Helicopter,m1323.obj
864,11.177016,4.2035923,Helicopter,m1325.obj
865,11.08389,4.25415,Helicopter,m1326.obj
866,10.496781,3.5033104,Helicopter,m1327.obj
867,11.694445,3.4920702,Helicopter,m1328.obj
868,7.3322268,6.4362545,Helicopter,m1329.obj
869,11.56155,5.3224993,Helicopter,m1330.obj
870,11.633845,3.5377312,Helicopter,m1332.obj
871,9.620712,4.11964,Helicopter,m1333.obj
872,9.59337,4.1375365,Helicopter,m1334.obj
873,11.206087,4.885676,Helicopter,m1336.obj
874,3.2153075,6.8042946,House,D00044.obj
875,1.7336358,8.266123,House,D00091.obj
876,1.7131836,8.015526,House,D00095.obj
877,4.32072,7.8104844,House,D00325.obj
878,2.9962754,6.5856977,House,D00568.obj
879,3.5691483,8.983226,House,D00665.obj
880,1.7605827,8.189231,House,D00889.obj
881,2.4915872,6.643656,House,D00965.obj
882,4.4010835,10.140656,House,m423.obj
883,2.718191,6.553204,House,m430.obj
884,5.5508494,8.0986,House,m431.obj
885,5.1153336,6.9801807,House,m432.obj
886,5.002794,6.642209,House,m433.obj
887,1.6722567,8.015702,House,m434.obj
888,5.282674,10.011145,House,m436.obj
889,5.0167966,4.120814,House,m439.obj
890,5.591145,6.099448,House,m440.obj
891,3.2856529,8.2919,House,m441.obj
892,5.3023744,8.60536,House,m443.obj
893,6.4255166,6.3593087,House,m447.obj
894,3.0416653,6.768136,House,m448.obj
895,4.328993,9.614392,House,m449.obj
896,6.079032,6.1753497,House,m451.obj
897,2.5745664,6.9115896,House,m452.obj
898,2.598997,6.984844,House,m453.obj
899,5.888986,10.003766,House,m454.obj
900,6.504546,9.927222,House,m456.obj
901,5.3085175,8.609081,House,m457.obj
902,2.6495492,6.551134,House,m460.obj
903,2.541506,6.528052,House,m461.obj
904,1.7090956,8.017639,House,m462.obj
905,3.754783,8.541004,HumanHead,D00013.obj
906,6.1700892,6.3980746,HumanHead,D00061.obj
907,4.5187116,9.227295,HumanHead,D00072.obj
908,5.5182366,8.683036,HumanHead,D00106.obj
909,3.811354,10.145999,HumanHead,D00131.obj
910,3.8981543,10.499798,HumanHead,D00205.obj
911,3.2449222,10.310034,HumanHead,D00313.obj
912,3.8986347,10.502531,HumanHead,D00434.obj
913,3.5100727,10.433804,HumanHead,D00487.obj
914,3.439839,10.3122635,HumanHead,D00488.obj
915,5.2291937,8.899395,HumanHead,D00578.obj
916,4.2381873,10.628386,HumanHead,D00591.obj
917,3.8378484,9.705814,HumanHead,D00610.obj
918,3.5410423,10.332126,HumanHead,D00629.obj
919,5.838297,10.281192,HumanHead,D00653.obj
920,3.7826626,10.082591,HumanHead,D00690.obj
921,3.679132,9.497016,HumanHead,D00758.obj
922,3.1439338,9.079913,HumanHead,D00910.obj
923,2.844895,10.118332,HumanHead,D00984.obj
924,4.056423,10.133251,HumanHead,m340.obj
925,3.5480797,10.4771385,HumanHead,m341.obj
926,2.3303933,10.02933,HumanHead,m342.obj
927,3.452351,10.432647,HumanHead,m343.obj
928,3.415014,10.381251,HumanHead,m344.obj
929,3.2472284,9.295801,HumanHead,m345.obj
930,3.9910464,9.730716,HumanHead,m346.obj
931,2.378538,10.100425,HumanHead,m347.obj
932,3.6893961,10.250675,HumanHead,m348.obj
933,1.856258,9.795491,HumanHead,m349.obj
934,3.7134058,10.114826,HumanHead,m350.obj
935,3.7564764,10.307344,HumanHead,m351.obj
936,3.1304262,10.320348,HumanHead,m352.obj
937,3.2188685,10.290867,HumanHead,m353.obj
938,3.9561896,10.360543,HumanHead,m354.obj
939,3.648315,10.394697,HumanHead,m355.obj
940,3.2476425,10.346573,HumanHead,m356.obj
941,3.4171185,9.805206,HumanHead,m357.obj
942,3.5381243,9.621347,HumanHead,m358.obj
943,3.817003,10.299369,HumanHead,m359.obj
944,3.3747602,10.442778,HumanHead,m360.obj
945,3.8865354,10.049528,HumanHead,m361.obj
946,2.5297976,10.0517435,HumanHead,m362.obj
947,3.4774427,10.43994,HumanHead,m363.obj
948,3.5027876,10.672664,HumanHead,m364.obj
949,3.310892,10.390794,HumanHead,m365.obj
950,4.232565,10.292419,HumanHead,m366.obj
951,5.6680837,10.497961,HumanHead,m367.obj
952,3.453748,10.298979,HumanHead,m368.obj
953,3.8478746,9.94987,HumanHead,m369.obj
954,4.0990276,10.472868,HumanHead,m370.obj
955,9.334723,9.144558,Humanoid,m118.obj
956,9.059436,9.570554,Humanoid,m119.obj
957,10.224918,8.246165,Humanoid,m120.obj
958,9.063837,9.435951,Humanoid,m121.obj
959,10.195893,8.378441,Humanoid,m122.obj
960,10.039484,8.498556,Humanoid,m123.obj
961,8.901503,9.536826,Humanoid,m124.obj
962,10.410544,8.198561,Humanoid,m125.obj
963,8.890719,9.779297,Humanoid,m126.obj
964,9.4684725,8.959899,Humanoid,m128.obj
965,9.150855,8.365213,Humanoid,m129.obj
966,8.938146,9.1998825,Humanoid,m130.obj
967,8.948456,9.404796,Humanoid,m131.obj
968,8.865891,9.3369465,Humanoid,m132.obj
969,3.5698662,10.6746435,Humanoid,m133.obj
970,8.00591,10.268907,Humanoid,m134.obj
971,10.938008,6.9169264,Humanoid,m135.obj
972,8.85007,9.38305,Humanoid,m136.obj
973,10.612631,7.091227,Humanoid,m137.obj
974,10.055384,8.174723,Humanoid,m138.obj
975,5.765786,9.987476,Humanoid,m139.obj
976,9.034002,9.188442,Humanoid,m140.obj
977,9.640665,8.427697,Humanoid,m141.obj
978,7.939244,10.115283,Humanoid,m143.obj
979,8.178879,9.207968,Humanoid,m144.obj
980,10.45788,6.6021833,Humanoid,m145.obj
981,9.165647,8.598776,Humanoid,m146.obj
982,8.558914,9.179485,Humanoid,m147.obj
983,10.66614,4.5972285,Humanoid,m148.obj
984,8.073819,10.209853,Humanoid,m149.obj
985,8.764761,9.302598,Humanoid,m150.obj
986,7.5187225,10.073413,Humanoid,m151.obj
987,6.2576275,10.211771,Humanoid,m153.obj
988,6.62031,10.003739,Humanoid,m154.obj
989,8.065662,9.86078,Humanoid,m155.obj
990,9.584819,8.732371,Humanoid,m156.obj
991,7.9710584,9.60424,Humanoid,m157.obj
992,4.3804955,10.782305,Humanoid,m158.obj
993,7.986552,10.369815,Humanoid,m159.obj
994,9.957516,8.156503,Humanoid,m160.obj
995,5.3536935,10.874433,Humanoid,m161.obj
996,8.092731,9.272068,Humanoid,m162.obj
997,7.1482887,10.853202,Humanoid,m163.obj
998,6.4970593,10.18603,Humanoid,m164.obj
999,7.800978,10.30701,Humanoid,m165.obj
1000,8.746623,9.445981,Humanoid,m166.obj
1001,6.9947166,9.540867,Humanoid,m167.obj
1002,8.005617,10.204698,Humanoid,m168.obj
1003,8.510297,9.526112,Humanoid,m169.obj
1004,9.436772,8.7558,Humanoid,m170.obj
1005,11.102468,6.7262063,Humanoid,m171.obj
1006,9.228509,9.050544,Humanoid,m172.obj
1007,11.0871,6.5202374,Humanoid,m173.obj
1008,7.0701265,9.539416,Humanoid,m174.obj
1009,9.854253,8.20046,Humanoid,m175.obj
1010,8.539419,9.096683,Humanoid,m176.obj
1011,5.942,10.327363,Humanoid,m177.obj
1012,8.881916,9.352155,Humanoid,m178.obj
1013,8.595513,9.128769,Humanoid,m179.obj
1014,8.3998375,9.132417,Humanoid,m181.obj
1015,8.766501,9.281281,Humanoid,m182.obj
1016,5.334686,8.722417,Humanoid,m183.obj
1017,8.90642,9.494613,Humanoid,m184.obj
1018,11.04305,6.673668,Humanoid,m185.obj
1019,9.423702,8.874052,Humanoid,m186.obj
1020,7.4405656,5.8243284,Humanoid,m187.obj
1021,6.4691577,9.640743,Humanoid,m188.obj
1022,9.459311,8.627044,Humanoid,m189.obj
1023,4.959773,9.179123,Humanoid,m190.obj
1024,2.787594,10.814896,Humanoid,m191.obj
1025,9.382532,9.081779,Humanoid,m192.obj
1026,9.122676,3.8594587,Humanoid,m193.obj
1027,8.682611,9.253981,Humanoid,m194.obj
1028,10.178889,8.309651,Humanoid,m195.obj
1029,6.4434624,10.322817,Humanoid,m196.obj
1030,9.185741,9.25622,Humanoid,m197.obj
1031,10.117063,8.18272,Humanoid,m198.obj
1032,7.172169,9.665147,Humanoid,m199.obj
1033,8.382253,9.187264,Humanoid,m202.obj
1034,9.800002,8.577666,Humanoid,m203.obj
1035,9.031141,8.08555,Humanoid,m204.obj
1036,6.5808086,9.652472,Humanoid,m205.obj
1037,9.7716465,8.745724,Humanoid,m206.obj
1038,8.783462,8.713297,Humanoid,m207.obj
1039,9.423083,9.155049,Humanoid,m208.obj
1040,7.831929,5.283897,Humanoid,m210.obj
1041,7.6471086,10.643347,Humanoid,m211.obj
1042,8.967359,9.240052,Humanoid,m212.obj
1043,9.872452,8.51257,Humanoid,m213.obj
1044,11.011185,7.065815,Humanoid,m214.obj
1045,8.798699,9.385021,Humanoid,m215.obj
1046,6.628904,8.980369,Humanoid,m216.obj
1047,6.2921586,10.734557,Humanoid,m217.obj
1048,10.583769,3.193464,Humanoid,m218.obj
1049,4.2236147,9.369526,Humanoid,m219.obj
1050,9.797023,7.689124,Humanoid,m220.obj
1051,11.090819,6.596699,Humanoid,m221.obj
1052,11.25768,6.326781,Humanoid,m223.obj
1053,11.118854,5.2596936,Humanoid,m224.obj
1054,9.655571,7.4312124,Humanoid,m226.obj
1055,11.139922,6.4392533,Humanoid,m229.obj
1056,10.907189,5.399119,Humanoid,m230.obj
1057,8.059161,4.612975,Humanoid,m231.obj
1058,10.179308,6.613323,Humanoid,m232.obj
1059,6.8758745,4.6123157,Humanoid,m233.obj
1060,10.901249,6.9436007,Humanoid,m234.obj
1061,10.107453,5.315817,Humanoid,m235.obj
1062,9.893237,5.913917,Humanoid,m236.obj
1063,11.402458,5.0774517,Humanoid,m237.obj
1064,10.587737,4.0103226,Humanoid,m238.obj
1065,11.018196,4.6258764,Humanoid,m239.obj
1066,9.488454,7.442448,Humanoid,m240.obj
1067,9.89042,5.4294686,Humanoid,m241.obj
1068,9.587649,5.52851,Humanoid,m242.obj
1069,10.271104,4.994585,Humanoid,m243.obj
1070,10.061242,6.62869,Humanoid,m244.obj
1071,10.375641,3.8528616,Humanoid,m245.obj
1072,11.150168,3.8892176,Humanoid,m246.obj
1073,10.455005,3.6612322,Humanoid,m248.obj
1074,9.431802,7.3542957,Humanoid,m249.obj
1075,10.47299,7.0468707,Humanoid,m250.obj
1076,11.219424,5.371321,Humanoid,m251.obj
1077,9.261673,8.362101,Humanoid,m252.obj
1078,9.577203,6.5430307,Humanoid,m253.obj
1079,11.110185,6.6702647,Humanoid,m254.obj
1080,10.076566,3.9219933,Humanoid,m255.obj
1081,5.859118,3.518045,Humanoid,m256.obj
1082,9.868366,6.059196,Humanoid,m257.obj
1083,11.360226,5.595493,Humanoid,m258.obj
1084,9.780598,5.476771,Humanoid,m259.obj
1085,8.920653,8.050062,Humanoid,m260.obj
1086,11.101621,6.6541424,Humanoid,m261.obj
1087,10.501558,8.180167,Humanoid,m262.obj
1088,10.840929,5.361196,Humanoid,m263.obj
1089,10.902009,6.957144,Humanoid,m264.obj
1090,10.820299,6.4938416,Humanoid,m265.obj
1091,7.8457336,4.1136546,Humanoid,m266.obj
1092,11.322751,3.3614602,Insect,D00081.obj
1093,6.4798775,5.4535847,Insect,D00082.obj
1094,10.245867,5.801216,Insect,D00102.obj
1095,9.171177,7.3074017,Insect,D00109.obj
1096,8.712754,4.5427055,Insect,D00117.obj
1097,6.429002,5.3080993,Insect,D00136.obj
1098,6.7976036,9.513861,Insect,D00160.obj
1099,10.302813,5.75645,Insect,D00180.obj
1100,10.13301,3.5988955,Insect,D00231.obj
1101,10.769515,7.962655,Insect,D00291.obj
1102,6.9526606,6.7605014,Insect,D00294.obj
1103,6.1461954,4.370409,Insect,D00309.obj
1104,9.311874,8.921008,Insect,D00315.obj
1105,11.013408,5.2059646,Insect,D00333.obj
1106,6.9973288,3.3162138,Insect,D00399.obj
1107,4.3262625,4.9558997,Insect,D00430.obj
1108,10.225782,2.8363345,Insect,D00510.obj
1109,5.5057416,3.6617646,Insect,D00590.obj
1110,10.347566,5.7187066,Insect,D00615.obj
1111,5.685113,3.7580366,Insect,D00662.obj
1112,5.9415965,4.524434,Insect,D00668.obj
1113,9.852915,4.096504,Insect,D00672.obj
1114,6.956024,3.3435304,Insect,D00695.obj
1115,9.448551,7.3640046,Insect,D00713.obj
1116,7.2926216,3.4463704,Insect,D00732.obj
1117,10.399927,3.8151164,Insect,D00734.obj
1118,11.212928,3.3254976,Insect,D00746.obj
1119,7.5100985,3.8351316,Insect,D00752.obj
1120,4.69087,4.2571836,Insect,D00753.obj
1121,11.018517,2.9460952,Insect,D00774.obj
1122,7.5513406,3.5356956,Insect,D00786.obj
1123,12.936689,4.9609585,Insect,D00787.obj
1124,6.32024,3.4383554,Insect,D00788.obj
1125,3.8663437,4.599649,Insect,D00806.obj
1126,5.1458154,3.8976634,Insect,D00814.obj
1127,10.71389,6.253477,Insect,D00855.obj
1128,5.7459784,3.758702,Insect,D00884.obj
1129,11.805254,3.2015717,Insect,D00895.obj
1130,9.661357,7.1057897,Insect,D00973.obj
1131,10.430677,7.030597,Insect,D00989.obj
1132,7.0918384,3.4230218,Insect,m0.obj
1133,10.519065,6.1359534,Insect,m1.obj
1134,5.123625,3.919433,Insect,m10.obj
1135,11.305641,4.4107323,Insect,m11.obj
1136,11.291044,3.922517,Insect,m12.obj
1137,11.70408,4.6511836,Insect,m13.obj
1138,6.8799677,3.356054,Insect,m14.obj
1139,11.307192,4.431047,Insect,m15.obj
1140,6.0788374,3.4320812,Insect,m16.obj
1141,11.024793,2.9511943,Insect,m17.obj
1142,10.465315,3.0295708,Insect,m18.obj
1143,9.846082,4.1139827,Insect,m19.obj
1144,7.8327475,3.5289218,Insect,m2.obj
1145,10.456508,3.902127,Insect,m20.obj
1146,3.885595,4.5202928,Insect,m21.obj
1147,8.716944,5.124576,Insect,m22.obj
1148,7.8317776,3.9404078,Insect,m23.obj
1149,8.573133,5.0353208,Insect,m24.obj
1150,5.645055,3.468375,Insect,m25.obj
1151,7.4885893,3.6611757,Insect,m26.obj
1152,10.0253,3.4422274,Insect,m3.obj
1153,10.387686,3.0694227,Insect,m4.obj
1154,3.739174,4.758635,Insect,m6.obj
1155,8.90581,8.1403265,Insect,m7.obj
1156,5.861995,4.9266586,Insect,m8.obj
1157,11.244139,3.5653622,Insect,m9.obj
1158,11.073379,4.72316,Jet,m1147.obj
1159,10.928384,4.581018,Jet,m1149.obj
1160,11.349048,5.379969,Jet,m1150.obj
1161,10.938661,4.5878043,Jet,m1151.obj
1162,10.096132,4.5750403,Jet,m1152.obj
1163,10.350256,5.0922103,Jet,m1153.obj
1164,11.106366,4.1349115,Jet,m1154.obj
1165,11.428347,5.832175,Jet,m1155.obj
1166,11.4095955,5.8110304,Jet,m1156.obj
1167,11.407871,5.1590285,Jet,m1157.obj
1168,10.417526,5.3208413,Jet,m1158.obj
1169,10.078263,4.5762877,Jet,m1159.obj
1170,10.384164,4.900426,Jet,m1161.obj
1171,11.263959,4.376717,Jet,m1162.obj
1172,10.508114,5.0680594,Jet,m1163.obj
1173,10.581502,4.301753,Jet,m1165.obj
1174,11.43665,6.087976,Jet,m1166.obj
1175,10.255654,5.3500366,Jet,m1167.obj
1176,10.729895,6.455952,Jet,m1168.obj
1177,9.321528,5.979429,Jet,m1169.obj
1178,9.79527,5.3983393,Jet,m1171.obj
1179,9.400295,5.5683513,Jet,m1172.obj
1180,9.222359,4.0976977,Jet,m1173.obj
1181,11.449946,5.482449,Jet,m1174.obj
1182,10.338829,4.7282786,Jet,m1175.obj
1183,11.417359,5.6141205,Jet,m1176.obj
1184,10.602721,4.448953,Jet,m1177.obj
1185,11.631559,5.8210173,Jet,m1178.obj
1186,11.485391,5.2672563,Jet,m1179.obj
1187,10.328021,4.643723,Jet,m1180.obj
1188,10.427579,5.0835247,Jet,m1181.obj
1189,10.78952,5.7045584,Jet,m1182.obj
1190,8.128594,4.108311,Jet,m1183.obj
1191,10.492713,8.591866,Jet,m1184.obj
1192,9.38721,9.738112,Jet,m1185.obj
1193,10.637275,5.6314425,Jet,m1187.obj
1194,10.5792465,5.180004,Jet,m1188.obj
1195,11.480204,5.7709675,Jet,m1190.obj
1196,10.49947,5.2838054,Jet,m1191.obj
1197,11.573255,5.232616,Jet,m1193.obj
1198,10.099578,5.774833,Jet,m1194.obj
1199,9.803823,6.0909367,Jet,m1195.obj
1200,10.10126,5.866011,Jet,m1196.obj
1201,11.461436,5.9794474,Jet,m1197.obj
1202,11.279275,6.271312,Jet,m1198.obj
1203,11.409994,5.8760223,Jet,m1199.obj
1204,10.43248,8.518178,Jet,m1200.obj
1205,9.32124,6.0528517,Jet,m1201.obj
1206,10.462564,6.772133,Jet,m1202.obj
1207,10.988074,5.103605,Jet,m1204.obj
1208,7.146462,4.434728,Jet,m1205.obj
1209,11.615478,5.651905,Jet,m1207.obj
1210,10.66599,5.6575065,Jet,m1208.obj
1211,9.446999,7.023666,Jet,m1209.obj
1212,9.784236,7.673385,Jet,m1210.obj
1213,10.369185,5.344835,Jet,m1211.obj
1214,10.747353,4.343361,Jet,m1212.obj
1215,11.56358,5.2590694,Jet,m1213.obj
1216,11.195235,4.9305825,Jet,m1214.obj
1217,10.569728,5.6068964,Jet,m1215.obj
1218,10.612886,5.0802474,Jet,m1216.obj
1219,10.922871,5.4382553,Jet,m1217.obj
1220,10.645977,6.0798793,Jet,m1218.obj
1221,10.9794,6.228132,Jet,m1219.obj
1222,10.999453,5.562681,Jet,m1220.obj
1223,9.412217,7.2966304,Jet,m1221.obj
1224,6.9512467,5.219092,Jet,m1222.obj
1225,11.044893,4.7061577,Jet,m1223.obj
1226,11.522669,5.5057797,Jet,m1224.obj
1227,9.062318,7.71512,Jet,m1225.obj
1228,11.513327,5.5082655,Jet,m1226.obj
1229,10.637939,3.1148942,Jet,m1227.obj
1230,10.531178,3.2484927,Jet,m1228.obj
1231,10.772345,6.564609,Jet,m1229.obj
1232,10.626924,4.5841556,Jet,m1230.obj
1233,10.004003,9.289028,Jet,m1231.obj
1234,11.352236,4.674047,Jet,m1232.obj
1235,10.800107,8.092391,Jet,m1233.obj
1236,11.484054,4.601149,Jet,m1234.obj
1237,11.09539,6.6226482,Jet,m1235.obj
1238,11.111162,5.1076612,Jet,m1236.obj
1239,11.122073,4.9833603,Jet,m1237.obj
1240,11.207565,5.6052837,Jet,m1238.obj
1241,9.348841,7.262001,Jet,m1239.obj
1242,11.460777,5.959541,Jet,m1240.obj
1243,9.398474,6.737031,Jet,m1241.obj
1244,10.581231,5.858202,Jet,m1242.obj
1245,10.627669,6.638206,Jet,m1243.obj
1246,11.039088,4.679755,Jet,m1245.obj
1247,10.795729,6.0977325,Jet,m1246.obj
1248,10.715253,6.22071,Jet,m1247.obj
1249,10.100415,5.3843513,Jet,m1248.obj
1250,9.507238,7.219844,Jet,m1249.obj
1251,9.922989,5.76769,Jet,m1250.obj
1252,9.317577,5.9725804,Jet,m1251.obj
1253,10.499149,3.967673,Jet,m1252.obj
1254,9.656647,6.412426,Jet,m1253.obj
1255,9.527164,7.216213,Jet,m1255.obj
1256,11.6117,4.757987,Jet,m1256.obj
1257,11.759308,4.541469,Jet,m1257.obj
1258,10.31828,5.3753953,Jet,m1258.obj
1259,9.351271,6.0267906,Jet,m1259.obj
1260,9.966002,5.5049863,Jet,m1260.obj
1261,9.587146,7.090067,Jet,m1261.obj
1262,10.288729,4.693389,Jet,m1262.obj
1263,9.471445,5.191954,Jet,m1263.obj
1264,10.3814,4.210074,Jet,m1264.obj
1265,11.589099,5.6737566,Jet,m1265.obj
1266,10.490491,4.3909082,Jet,m1266.obj
1267,11.334692,4.13821,Jet,m1267.obj
1268,12.088505,3.6081295,Jet,m1268.obj
1269,12.344564,3.599139,Jet,m1269.obj
1270,12.097821,3.385982,Jet,m1270.obj
1271,11.639327,3.053375,Jet,m1271.obj
1272,12.074958,3.2797294,Jet,m1273.obj
1273,11.052009,4.9361563,Jet,m1274.obj
1274,11.362806,4.3248096,Jet,m1275.obj
1275,12.180436,3.3340755,Jet,m1276.obj
1276,12.230394,3.354315,Jet,m1277.obj
1277,12.086748,3.429884,Jet,m1278.obj
1278,11.998485,3.3186128,Jet,m1279.obj
1279,12.1273985,3.1715255,Jet,m1280.obj
1280,11.99476,3.383394,Jet,m1281.obj
1281,11.98794,3.2238138,Jet,m1282.obj
1282,11.830196,3.1860437,Jet,m1283.obj
1283,12.027611,3.2328382,Jet,m1284.obj
1284,12.1588745,3.2773435,Jet,m1285.obj
1285,11.684583,4.216544,Jet,m1286.obj
1286,11.751194,4.2835584,Jet,m1287.obj
1287,9.794173,6.771204,Jet,m1288.obj
1288,10.338007,4.254197,Jet,m1289.obj
1289,11.538953,4.2341757,Jet,m1290.obj
1290,10.532917,5.224854,Jet,m1291.obj
1291,10.984856,4.5202756,Jet,m1292.obj
1292,11.392641,3.760013,Jet,m1293.obj
1293,11.537018,5.3597155,Jet,m1294.obj
1294,12.265332,3.9778328,Jet,m1295.obj
1295,10.567358,4.6349077,Jet,m1296.obj
1296,10.846131,9.013581,Jet,m1297.obj
1297,9.840233,5.433355,Jet,m1298.obj
1298,10.978377,6.5185523,Jet,m1299.obj
1299,9.9049425,8.55561,Jet,m1300.obj
1300,10.369597,8.406891,Jet,m1301.obj
1301,7.9119844,10.897324,Knife,D01015.obj
1302,9.144926,9.872343,Knife,D01025.obj
1303,7.989042,10.809849,Knife,D01032.obj
1304,7.133469,10.963081,Knife,D01051.obj
1305,4.0028095,11.117764,Knife,D01054.obj
1306,7.008303,10.944629,Knife,D01057.obj
1307,7.4684205,11.009416,Knife,D01063.obj
1308,10.361755,9.336616,Knife,D01075.obj
1309,5.6471167,11.083276,Knife,D01077.obj
1310,8.083945,10.466392,Knife,D01107.obj
1311,7.761812,10.8730135,Knife,D01119.obj
1312,6.129494,11.058907,Knife,D01120.obj
1313,8.073519,10.779375,Knife,D01132.obj
1314,5.8347435,11.025587,Knife,D01150.obj
1315,3.2519906,11.416796,Knife,D01160.obj
1316,6.7600675,11.00987,Knife,D01168.obj
1317,12.940182,5.005555,Knife,D01174.obj
1318,9.472123,9.968228,Knife,D01175.obj
1319,2.2565641,11.064229,Knife,D01189.obj
1320,12.34309,4.346527,Knife,m722.obj
1321,11.997167,4.8444877,Knife,m723.obj
1322,7.0096536,10.976979,Knife,m724.obj
1323,9.835019,9.798844,Knife,m725.obj
1324,7.286353,11.031004,Knife,m726.obj
1325,9.487813,10.01284,Knife,m727.obj
1326,10.235832,8.72999,Knife,m728.obj
1327,3.647072,8.380222,MilitaryVehicle,D00051.obj
1328,4.2273283,7.942646,MilitaryVehicle,D00100.obj
1329,6.598907,7.954722,MilitaryVehicle,D00334.obj
1330,5.238987,8.553425,MilitaryVehicle,D00611.obj
1331,5.230587,8.649234,MilitaryVehicle,D00761.obj
1332,3.4905946,6.131745,MilitaryVehicle,D00799.obj
1333,3.0209756,6.4215956,MilitaryVehicle,D00952.obj
1334,3.204058,7.991157,Monitor,D00007.obj
1335,6.7340174,7.7157297,Monitor,D00141.obj
1336,4.1063457,4.727362,Monitor,D00229.obj
1337,1.9492971,8.707711,Monitor,D00336.obj
1338,3.5647693,6.0887175,Monitor,D00339.obj
1339,2.0239449,8.757542,Monitor,D00364.obj
1340,5.0137296,7.165228,Monitor,D00387.obj
1341,4.78466,6.6057053,Monitor,D00391.obj
1342,3.5676606,5.6970515,Monitor,D00412.obj
1343,3.6721222,6.2949715,Monitor,D00444.obj
1344,1.7788649,8.1165285,Monitor,D00469.obj
1345,3.556329,7.001171,Monitor,D00548.obj
1346,1.7948462,7.9607716,Monitor,D00659.obj
1347,1.871138,8.574033,Monitor,D00852.obj
1348,5.228562,6.327618,Monitor,D00915.obj
1349,1.939688,8.676064,Monitor,D00919.obj
1350,5.0020394,5.0478344,Monitor,D00920.obj
1351,2.694057,8.863432,Monitor,D00978.obj
1352,4.1216793,5.4631033,Monitor,D01000.obj
1353,11.252082,3.9456058,Monoplane,D00011.obj
1354,10.2567215,5.5046735,Monoplane,D00019.obj
1355,10.801494,4.587082,Monoplane,D00043.obj
1356,10.104986,5.426858,Monoplane,D00098.obj
1357,11.91225,3.1392841,Monoplane,D00167.obj
1358,10.849688,4.421381,Monoplane,D00169.obj
1359,10.729281,5.596714,Monoplane,D00262.obj
1360,11.417262,5.178515,Monoplane,D00301.obj
1361,10.867367,6.0693088,Monoplane,D00304.obj
1362,11.04908,4.7640514,Monoplane,D00319.obj
1363,10.598667,5.678932,Monoplane,D00402.obj
1364,10.216821,5.8301296,Monoplane,D00482.obj
1365,10.438074,5.3260193,Monoplane,D00617.obj
1366,10.957374,4.4807353,Monoplane,D00688.obj
1367,10.397983,4.522682,Monoplane,D00798.obj
1368,10.041449,5.836188,Monoplane,D00840.obj
1369,11.2203245,5.027582,Monoplane,D00864.obj
1370,10.9370775,5.266192,Monoplane,D00925.obj
1371,11.645298,4.2173176,Monoplane,D00963.obj
1372,11.79496,3.4914432,Monoplane,D00995.obj
1373,5.809174,8.003579,Motorcycle,D00021.obj
1374,5.9672804,7.424174,Motorcycle,D00039.obj
1375,8.564736,5.089726,Motorcycle,D00054.obj
1376,8.688128,5.792321,Motorcycle,D00224.obj
1377,8.843527,5.768363,Motorcycle,D00269.obj
1378,5.8945136,7.9842067,Motorcycle,D00288.obj
1379,5.6037774,8.843336,Motorcycle,D00345.obj
1380,9.026235,5.1629653,Motorcycle,D00395.obj
1381,8.59639,4.9731917,Motorcycle,D00396.obj
1382,9.086423,5.8473473,Motorcycle,D00521.obj
1383,7.530292,5.2289386,Motorcycle,D00768.obj
1384,8.398992,5.4738526,Motorcycle,D00858.obj
1385,8.850647,5.8269353,Motorcycle,D00880.obj
1386,5.3512316,9.127573,Motorcycle,D00945.obj
1387,5.8581057,7.948137,Motorcycle,m1480.obj
1388,8.835459,7.9846807,Motorcycle,m1481.obj
1389,9.44292,7.391407,Motorcycle,m1484.obj
1390,6.354964,6.4181237,Mug,D00172.obj
1391,6.5473604,6.3595076,Mug,D00202.obj
1392,3.1680775,6.366779,Mug,D00227.obj
1393,3.0555778,6.199899,Mug,D00321.obj
1394,3.6663322,6.2866554,Mug,D00341.obj
1395,4.741972,8.193699,Mug,D00372.obj
1396,5.7079077,5.9486094,Mug,D00427.obj
1397,4.600011,7.3831306,Mug,D00684.obj
1398,4.3951464,10.000823,Mug,D00685.obj
1399,7.490107,6.019297,Mug,D00705.obj
1400,3.0715415,6.303763,Mug,D00728.obj
1401,6.103551,6.393228,Mug,D00745.obj
1402,7.3732786,5.959898,Mug,D00747.obj
1403,2.8827744,7.4986463,Mug,D00760.obj
1404,6.3190527,6.438047,Mug,D00770.obj
1405,6.0714746,6.377881,Mug,D00825.obj
1406,4.0806108,9.16254,Mug,D00833.obj
1407,6.4706798,6.854926,Mug,D00908.obj
1408,4.476639,5.9024253,Mug,D00913.obj
1409,6.393061,6.4411383,Mug,D00923.obj
1410,6.1188917,6.38091,Mug,m503.obj
1411,4.592046,7.406135,Mug,m504.obj
1412,7.4885483,5.5634995,Mug,m506.obj
1413,5.6901913,6.329721,Mug,m507.obj
1414,4.8907375,6.17601,Mug,m508.obj
1415,4.0145698,6.3705854,Mug,m509.obj
1416,3.4896119,7.4428616,MultiSeat,D00036.obj
1417,2.0077152,7.50301,MultiSeat,D00046.obj
1418,3.068733,9.336466,MultiSeat,D00053.obj
1419,4.7561965,8.654716,MultiSeat,D00145.obj
1420,2.8776681,8.859577,MultiSeat,D00146.obj
1421,4.368718,9.32359,MultiSeat,D00237.obj
1422,3.4374309,8.293515,MultiSeat,D00245.obj
1423,3.4497554,7.2510424,MultiSeat,D00263.obj
1424,3.329871,8.221027,MultiSeat,D00285.obj
1425,4.1994147,9.927268,MultiSeat,D00289.obj
1426,4.7419086,6.564411,MultiSeat,D00329.obj
1427,3.2019374,8.9932,MultiSeat,D00586.obj
1428,4.775562,8.398227,MultiSeat,D00588.obj
1429,3.156682,8.608429,MultiSeat,D00607.obj
1430,3.4471204,8.756776,MultiSeat,D00637.obj
1431,3.2850251,8.830091,MultiSeat,D00648.obj
1432,3.795951,6.7882776,MultiSeat,D00652.obj
1433,5.464885,8.699957,MultiSeat,D00749.obj
1434,3.4969485,6.72105,MultiSeat,D00985.obj
1435,3.4767148,4.7639556,MultiSeat,m774.obj
1436,4.501104,4.3711033,MultiSeat,m775.obj
1437,10.077232,3.0198336,MultiSeat,m776.obj
1438,10.363716,3.3937325,MultiSeat,m777.obj
1439,3.0431843,5.2769237,MultiSeat,m778.obj
1440,10.010831,3.0109067,MultiSeat,m779.obj
1441,3.3573346,4.967413,MultiSeat,m780.obj
1442,4.8154025,4.173506,MultiSeat,m781.obj
1443,7.5877595,3.679749,MultiSeat,m782.obj
1444,5.39479,3.8961654,MultiSeat,m783.obj
1445,5.4039707,8.349056,MultiSeat,m784.obj
1446,6.4001665,8.316315,MultiSeat,m829.obj
1447,3.3463504,9.110189,MultiSeat,m830.obj
1448,5.68788,5.8907146,MultiSeat,m831.obj
1449,4.830042,8.493765,MultiSeat,m832.obj
1450,4.7663236,8.379125,MultiSeat,m833.obj
1451,5.881204,8.29254,MultiSeat,m834.obj
1452,5.3075337,7.577485,MultiSeat,m835.obj
1453,3.7017367,6.4465466,MultiSeat,m836.obj
1454,5.0300226,9.279706,MultiSeat,m837.obj
1455,4.274651,9.340086,MultiSeat,m838.obj
1456,4.7490144,6.5714235,MultiSeat,m839.obj
1457,1.7611009,7.8772264,MultiSeat,m840.obj
1458,4.000353,4.778435,MultiSeat,m841.obj
1459,2.5082824,9.685165,MultiSeat,m843.obj
1460,7.8080845,10.536144,Musical_Instrument,m625.obj
1461,9.608682,10.052499,Musical_Instrument,m626.obj
1462,7.3042836,10.861989,Musical_Instrument,m627.obj
1463,9.476936,10.148479,Musical_Instrument,m628.obj
1464,9.363124,10.2592535,Musical_Instrument,m629.obj
1465,7.6111674,10.686241,Musical_Instrument,m630.obj
1466,8.5246,10.3032055,Musical_Instrument,m632.obj
1467,1.657625,10.253647,Musical_Instrument,m633.obj
1468,9.312785,10.148578,Musical_Instrument,m634.obj
1469,10.823417,9.27219,Musical_Instrument,m637.obj
1470,10.499728,5.3319597,Musical_Instrument,m638.obj
1471,5.6690993,10.956775,Musical_Instrument,m640.obj
1472,10.542808,5.0768466,Musical_Instrument,m641.obj
1473,6.601057,7.217427,Musical_Instrument,m643.obj
1474,9.504384,6.7953773,Musical_Instrument,m645.obj
1475,4.7464437,6.867983,Musical_Instrument,m646.obj
1476,7.7012296,5.482398,Musical_Instrument,m647.obj
1477,5.581054,4.464154,NonWheelChair,D00037.obj
1478,9.292128,5.6383166,NonWheelChair,D00101.obj
1479,8.734344,3.8978307,NonWheelChair,D00170.obj
1480,5.66138,4.203682,NonWheelChair,D00185.obj
1481,7.6780953,3.6843152,NonWheelChair,D00240.obj
1482,5.691893,5.4704885,NonWheelChair,D00306.obj
1483,6.8651395,4.762962,NonWheelChair,D00357.obj
1484,8.481266,4.392596,NonWheelChair,D00419.obj
1485,6.9985495,4.795153,NonWheelChair,D00443.obj
1486,7.665142,3.9576116,NonWheelChair,D00445.obj
1487,9.723811,3.7525458,NonWheelChair,D00480.obj
1488,7.563863,3.8270385,NonWheelChair,D00481.obj
1489,5.602615,4.2293777,NonWheelChair,D00512.obj
1490,5.0073338,4.0339894,NonWheelChair,D00694.obj
1491,7.081109,5.4552083,NonWheelChair,D00707.obj
1492,7.6183953,3.6741104,NonWheelChair,D00741.obj
1493,5.7887907,3.775993,NonWheelChair,D00853.obj
1494,6.883068,3.3857303,NonWheelChair,D00914.obj
1495,10.306613,3.170499,NonWheelChair,D00928.obj
1496,7.601577,3.9279656,NonWheelChair,D00936.obj
1497,5.332491,3.957803,NonWheelChair,m785.obj
1498,4.541366,4.479291,NonWheelChair,m786.obj
1499,6.1820436,5.0915084,NonWheelChair,m787.obj
1500,10.254285,5.4829106,NonWheelChair,m788.obj
1501,6.5774317,4.8155627,NonWheelChair,m789.obj
1502,5.3902264,3.6609185,NonWheelChair,m790.obj
1503,3.8739278,5.0766144,NonWheelChair,m791.obj
1504,8.676642,5.034342,NonWheelChair,m793.obj
1505,8.515824,4.106239,NonWheelChair,m794.obj
1506,7.0857015,6.0700674,NonWheelChair,m795.obj
1507,7.7734094,5.8104067,NonWheelChair,m796.obj
1508,7.2792616,5.670323,NonWheelChair,m797.obj
1509,8.476536,5.0372896,NonWheelChair,m798.obj
1510,7.856769,4.3124447,NonWheelChair,m799.obj
1511,9.040721,5.7783394,NonWheelChair,m800.obj
1512,7.861809,5.7776103,NonWheelChair,m801.obj
1513,8.782432,5.1090217,NonWheelChair,m804.obj
1514,8.800407,4.21397,NonWheelChair,m805.obj
1515,10.597714,6.032439,NonWheelChair,m806.obj
1516,7.821053,4.092815,NonWheelChair,m807.obj
1517,10.067588,2.984039,NonWheelChair,m808.obj
1518,10.340545,3.1760867,NonWheelChair,m809.obj
1519,7.9354057,3.9315403,NonWheelChair,m810.obj
1520,5.769913,4.2197948,NonWheelChair,m811.obj
1521,7.6057577,3.842449,NonWheelChair,m812.obj
1522,7.7126946,3.8425684,NonWheelChair,m813.obj
1523,5.6589084,4.2529893,NonWheelChair,m814.obj
1524,7.6120334,3.901162,NonWheelChair,m815.obj
1525,7.702522,3.9001274,NonWheelChair,m816.obj
1526,7.8845882,4.324379,NonWheelChair,m817.obj
1527,5.6079407,4.2593355,NonWheelChair,m818.obj
1528,7.547295,3.8845696,NonWheelChair,m819.obj
1529,6.3094177,4.752436,NonWheelChair,m820.obj
1530,7.7354364,4.0073543,NonWheelChair,m821.obj
1531,9.723217,3.9612186,NonWheelChair,m822.obj
1532,7.784603,3.9492335,NonWheelChair,m823.obj
1533,8.71564,3.9085917,NonWheelChair,m824.obj
1534,8.487094,3.9431372,NonWheelChair,m826.obj
1535,8.238525,3.7323747,NonWheelChair,m827.obj
1536,8.690428,4.0242276,NonWheelChair,m828.obj
1537,3.492964,5.906243,PianoBoard,D00008.obj
1538,6.4864383,5.0876946,PianoBoard,D00065.obj
1539,1.6864716,8.076199,PianoBoard,D00075.obj
1540,1.6770846,8.107128,PianoBoard,D00104.obj
1541,1.7678919,7.790725,PianoBoard,D00122.obj
1542,3.4850163,8.1663885,PianoBoard,D00181.obj
1543,4.003717,5.926535,PianoBoard,D00212.obj
1544,3.4749663,5.9568033,PianoBoard,D00235.obj
1545,1.6792489,8.166124,PianoBoard,D00253.obj
1546,1.7226342,7.8573976,PianoBoard,D00332.obj
1547,4.5923014,6.283085,PianoBoard,D00381.obj
1548,1.765943,7.7906423,PianoBoard,D00441.obj
1549,1.715332,7.9864264,PianoBoard,D00460.obj
1550,4.282622,5.720568,PianoBoard,D00623.obj
1551,4.7369294,6.5427327,PianoBoard,D00718.obj
1552,1.6597172,8.006261,PianoBoard,D00721.obj
1553,1.8131346,8.063072,PianoBoard,D00885.obj
1554,1.8748817,7.6502237,PianoBoard,D00962.obj
1555,1.6784612,7.940019,PianoBoard,D00966.obj
1556,5.7199445,4.366146,PlantIndoors,D00087.obj
1557,8.752384,5.5935683,PlantIndoors,D00466.obj
1558,8.587882,4.3658676,PlantIndoors,D00609.obj
1559,11.240233,6.397552,PlantIndoors,D00657.obj
1560,5.031115,4.0728836,PlantIndoors,D00667.obj
1561,4.8935895,4.1330323,PlantIndoors,m1008.obj
1562,5.705021,4.450789,PlantIndoors,m1009.obj
1563,9.770874,5.015366,PlantIndoors,m1012.obj
1564,5.242121,6.3600755,PlantIndoors,m1013.obj
1565,9.125502,8.457415,PlantIndoors,m1015.obj
1566,9.664374,5.4319267,PlantIndoors,m1016.obj
1567,8.764627,5.6022024,PlantIndoors,m1023.obj
1568,8.625764,4.346693,PlantIndoors,m1025.obj
1569,4.98165,4.0871,PlantIndoors,m1026.obj
1570,5.7062035,4.3852324,PlantIndoors,m1027.obj
1571,9.355277,3.8958716,PlantIndoors,m1029.obj
1572,7.259005,6.417078,PlantIndoors,m1030.obj
1573,7.60624,5.3945756,PlantIndoors,m1031.obj
1574,9.621183,3.8997667,PlantIndoors,m1032.obj
1575,6.786359,9.899543,PlantIndoors,m1033.obj
1576,11.649481,2.9650753,PlantIndoors,m1034.obj
1577,5.872527,7.876245,PlantIndoors,m1035.obj
1578,10.86379,3.1179183,PlantIndoors,m1036.obj
1579,6.674877,6.9187536,PlantIndoors,m989.obj
1580,7.9215693,4.883957,PlantIndoors,m990.obj
1581,7.865357,4.091832,PlantIndoors,m991.obj
1582,10.034254,3.072284,PlantIndoors,m992.obj
1583,8.190577,10.430773,PlantIndoors,m993.obj
1584,10.05387,4.315227,PlantIndoors,m994.obj
1585,11.504605,3.9688709,PlantIndoors,m996.obj
1586,7.4025936,5.718501,PlantIndoors,m997.obj
1587,10.262169,2.9277036,PlantIndoors,m998.obj
1588,9.627065,6.9105353,PlantIndoors,m999.obj
1589,8.611316,4.8595843,PlantWildNonTree,m1052.obj
1590,8.721717,8.040099,PlantWildNonTree,m971.obj
1591,12.043002,4.6056123,PlantWildNonTree,m974.obj
1592,10.881464,4.4000835,PlantWildNonTree,m975.obj
1593,9.112539,7.541245,PlantWildNonTree,m976.obj
1594,12.026747,3.0935163,PlantWildNonTree,m977.obj
1595,10.041984,5.813013,PlantWildNonTree,m978.obj
1596,9.421692,8.880985,PlantWildNonTree,m979.obj
1597,11.983433,3.1169145,PlantWildNonTree,m980.obj
1598,11.665914,3.0973024,PlantWildNonTree,m981.obj
1599,11.515077,2.993292,PlantWildNonTree,m982.obj
1600,7.159293,4.575423,PlantWildNonTree,m983.obj
1601,11.399484,5.9258113,PlantWildNonTree,m984.obj
1602,11.418126,3.6124692,PlantWildNonTree,m986.obj
1603,11.333339,6.099726,PlantWildNonTree,m987.obj
1604,11.810805,3.2560346,PlantWildNonTree,m988.obj
1605,6.137301,10.281676,Quadruped,D00111.obj
1606,5.9998074,8.576947,Quadruped,D00150.obj
1607,7.71754,9.437993,Quadruped,D00218.obj
1608,8.241468,9.343686,Quadruped,D00226.obj
1609,8.271439,9.344709,Quadruped,D00261.obj
1610,6.513456,5.2875805,Quadruped,D00326.obj
1611,9.242519,8.4566765,Quadruped,D00380.obj
1612,8.929126,7.9834075,Quadruped,D00409.obj
1613,9.917226,8.285752,Quadruped,D00508.obj
1614,8.944397,9.228118,Quadruped,D00509.obj
1615,9.30451,7.9072165,Quadruped,D00583.obj
1616,6.413702,5.272006,Quadruped,D00663.obj
1617,9.178374,8.614659,Quadruped,D00700.obj
1618,6.4488807,8.4702015,Quadruped,D00757.obj
1619,9.104787,8.739041,Quadruped,D00794.obj
1620,9.960834,6.469242,Quadruped,D00831.obj
1621,9.596378,7.571252,Quadruped,D00841.obj
1622,10.571283,6.2677026,Quadruped,D00867.obj
1623,10.213257,6.844973,Quadruped,D00934.obj
1624,6.0368543,10.371116,Quadruped,m100.obj
1625,3.169734,10.112406,Quadruped,m101.obj
1626,5.443276,10.782394,Quadruped,m102.obj
1627,10.611631,4.9597607,Quadruped,m103.obj
1628,8.025517,8.672799,Quadruped,m104.obj
1629,8.464123,8.293027,Quadruped,m105.obj
1630,5.77127,4.902279,Quadruped,m106.obj
1631,6.4798226,5.293605,Quadruped,m107.obj
1632,9.336884,8.64394,Quadruped,m108.obj
1633,4.288072,8.819748,Quadruped,m109.obj
1634,5.589621,9.480248,Quadruped,m110.obj
1635,6.977166,9.467262,Quadruped,m111.obj
1636,5.817736,9.826988,Quadruped,m112.obj
1637,10.413849,8.848106,Quadruped,m273.obj
1638,10.286148,8.316871,Quadruped,m274.obj
1639,10.518465,8.68558,Quadruped,m275.obj
1640,11.787125,5.8040643,Quadruped,m276.obj
1641,6.398085,9.915386,Quadruped,m277.obj
1642,6.054829,8.461756,Quadruped,m278.obj
1643,10.464715,4.516571,Quadruped,m279.obj
1644,9.445454,9.173071,Quadruped,m280.obj
1645,6.769501,9.851978,Quadruped,m281.obj
1646,6.2847095,5.3632946,Quadruped,m282.obj
1647,7.6816573,3.9954247,Quadruped,m86.obj
1648,4.9533343,4.8453546,Quadruped,m87.obj
1649,8.789835,8.278151,Quadruped,m88.obj
1650,9.740662,7.3313084,Quadruped,m89.obj
1651,6.4250464,8.68281,Quadruped,m90.obj
1652,9.941465,6.470471,Quadruped,m91.obj
1653,10.223748,6.851198,Quadruped,m92.obj
1654,6.0308337,9.038452,Quadruped,m93.obj
1655,8.942764,9.214111,Quadruped,m95.obj
1656,9.32318,8.565814,Quadruped,m96.obj
1657,9.764788,8.186839,Quadruped,m97.obj
1658,9.133228,8.72421,Quadruped,m98.obj
1659,6.4826093,9.0423,Quadruped,m99.obj
1660,4.014067,4.660697,RectangleTable,D00134.obj
1661,3.1733713,5.300798,RectangleTable,D00187.obj
1662,5.6435137,4.448137,RectangleTable,D00188.obj
1663,4.857369,4.258183,RectangleTable,D00230.obj
1664,5.455892,5.863272,RectangleTable,D00243.obj
1665,2.8695323,5.3284125,RectangleTable,D00295.obj
1666,3.978875,4.522073,RectangleTable,D00302.obj
1667,2.9604893,6.2292657,RectangleTable,D00317.obj
1668,1.9740713,9.196685,RectangleTable,D00418.obj
1669,6.50202,5.264573,RectangleTable,D00421.obj
1670,5.368965,4.6142287,RectangleTable,D00505.obj
1671,2.499712,6.502167,RectangleTable,D00523.obj
1672,2.880811,5.2163696,RectangleTable,D00530.obj
1673,2.8406808,5.2458344,RectangleTable,D00571.obj
1674,5.2120204,7.5243554,RectangleTable,D00603.obj
1675,3.794857,5.073705,RectangleTable,D00678.obj
1676,6.06642,4.025546,RectangleTable,D00714.obj
1677,3.8373787,4.6198897,RectangleTable,D00944.obj
1678,3.889596,4.86096,RectangleTable,D00954.obj
1679,3.4608688,4.950948,RectangleTable,m763.obj
1680,3.8604395,4.729742,RectangleTable,m764.obj
1681,3.1473022,5.0954986,RectangleTable,m765.obj
1682,4.8618336,5.044388,RectangleTable,m870.obj
1683,1.7827681,8.734258,RectangleTable,m871.obj
1684,5.57091,4.4554687,RectangleTable,m872.obj
1685,3.8649316,4.632434,RectangleTable,m873.obj
1686,5.6192455,5.7551856,RectangleTable,m874.obj
1687,7.032987,5.2721725,RectangleTable,m875.obj
1688,8.865935,5.8867083,RectangleTable,m876.obj
1689,9.180973,5.371236,RectangleTable,m877.obj
1690,3.8580189,4.628701,RectangleTable,m878.obj
1691,5.469104,4.5566983,RectangleTable,m879.obj
1692,5.0517855,4.990735,RectangleTable,m881.obj
1693,3.8141625,4.6501217,RectangleTable,m882.obj
1694,3.611581,5.619869,RectangleTable,m883.obj
1695,3.5020654,5.6789217,RectangleTable,m886.obj
1696,4.778826,5.0596786,RectangleTable,m887.obj
1697,3.7211714,4.812419,RectangleTable,m888.obj
1698,4.835945,5.130454,RectangleTable,m889.obj
1699,3.916958,6.1167116,RectangleTable,m890.obj
1700,4.886248,5.317874,RectangleTable,m891.obj
1701,5.626651,4.9871197,RectangleTable,m892.obj
1702,3.0142481,5.1108193,RectangleTable,m893.obj
1703,7.1074705,5.261645,RectangleTable,m894.obj
1704,4.5271444,4.887499,RectangleTable,m895.obj
1705,2.783815,5.337348,RectangleTable,m896.obj
1706,4.4758277,4.432205,RectangleTable,m897.obj
1707,5.461124,3.959643,RectangleTable,m898.obj
1708,2.8812342,5.2886686,RectangleTable,m901.obj
1709,4.382245,5.1626396,RectangleTable,m902.obj
1710,5.460161,4.470211,RectangleTable,m904.obj
1711,5.0354676,4.0240836,RectangleTable,m905.obj
1712,5.1081376,4.089628,RectangleTable,m906.obj
1713,5.0656486,3.9544249,RectangleTable,m907.obj
1714,5.4338927,3.9522974,RectangleTable,m908.obj
1715,1.9133489,8.581981,RectangleTable,m910.obj
1716,3.985026,4.53135,RectangleTable,m912.obj
1717,2.898545,5.217616,RectangleTable,m913.obj
1718,7.7047496,4.080431,RectangleTable,m914.obj
1719,3.9011083,4.5238957,RectangleTable,m915.obj
1720,4.041819,4.5467257,RectangleTable,m917.obj
1721,2.8117592,5.3006716,RectangleTable,m919.obj
1722,7.9698563,5.7144923,RectangleTable,m920.obj
1723,9.3608055,9.282351,Rocket,D00015.obj
1724,9.007211,9.615475,Rocket,D00343.obj
1725,9.45,9.685852,Rocket,D00346.obj
1726,3.3973129,11.209338,Rocket,D00354.obj
1727,3.03027,11.429168,Rocket,D00426.obj
1728,3.2193024,11.390578,Rocket,D00428.obj
1729,8.894446,9.119425,Rocket,D00433.obj
1730,5.8754444,11.052846,Rocket,D00437.obj
1731,3.25441,11.40058,Rocket,D00472.obj
1732,11.759166,3.048397,Rocket,D00485.obj
1733,3.2556741,11.3448925,Rocket,D00528.obj
1734,2.9829695,11.37824,Rocket,D00564.obj
1735,8.578395,8.940369,Rocket,D00585.obj
1736,10.559016,8.784287,Rocket,D00614.obj
1737,11.618064,4.6478615,Rocket,D00697.obj
1738,8.312948,10.225487,Rocket,D00719.obj
1739,7.893326,10.573717,Rocket,D00764.obj
1740,3.2355225,11.417389,Rocket,D00851.obj
1741,11.775066,4.2332606,Rocket,D00942.obj
1742,3.274253,11.378391,Rocket,D00975.obj
1743,3.9400635,5.1976347,RoundTable,D00083.obj
1744,4.861211,4.131897,RoundTable,D00094.obj
1745,4.077905,4.6611185,RoundTable,D00107.obj
1746,9.091295,5.507441,RoundTable,D00194.obj
1747,7.6877384,5.792496,RoundTable,D00344.obj
1748,5.125684,8.477333,RoundTable,D00401.obj
1749,9.223067,6.385518,RoundTable,D00407.obj
1750,8.41637,5.667058,RoundTable,D00492.obj
1751,5.3887434,4.5908713,RoundTable,D00501.obj
1752,4.9825435,4.007027,RoundTable,D00503.obj
1753,4.0549564,4.7334914,RoundTable,D00524.obj
1754,6.9005094,6.391462,RoundTable,D00581.obj
1755,8.784576,4.1715436,RoundTable,D00646.obj
1756,8.160437,5.2029805,RoundTable,D00649.obj
1757,4.492595,5.5170226,RoundTable,D00702.obj
1758,5.5138116,3.8251488,RoundTable,D00756.obj
1759,6.246806,6.217685,RoundTable,D00827.obj
1760,3.3671446,4.97551,RoundTable,D00866.obj
1761,4.6337214,4.968577,RoundTable,D00909.obj
1762,3.892036,4.5284843,RoundTable,D00948.obj
1763,8.739495,4.1867175,RoundTable,m921.obj
1764,6.599218,6.0441976,RoundTable,m922.obj
1765,7.6926293,5.8013372,RoundTable,m923.obj
1766,9.238068,6.3804364,RoundTable,m924.obj
1767,9.120928,6.172784,RoundTable,m925.obj
1768,5.948933,4.7633634,RoundTable,m926.obj
1769,7.4710913,6.097635,RoundTable,m927.obj
1770,3.778273,4.9015727,RoundTable,m928.obj
1771,9.017391,5.5970078,RoundTable,m929.obj
1772,4.506461,4.6954217,RoundTable,m930.obj
1773,3.3007243,4.9628625,RoundTable,m931.obj
1774,7.6737723,5.623895,RoundTable,m932.obj
1775,7.7589607,5.767906,RoundTable,m933.obj
1776,3.270686,5.1120787,RoundTable,m934.obj
1777,3.6106412,5.0658293,RoundTable,m935.obj
1778,3.6650088,6.643588,RoundTable,m937.obj
1779,4.7765217,5.1114044,RoundTable,m938.obj
1780,3.5843933,6.26347,Shelf,D00057.obj
1781,2.527921,6.6905437,Shelf,D00074.obj
1782,3.1273544,6.7390246,Shelf,D00129.obj
1783,4.7182803,6.3470135,Shelf,D00171.obj
1784,2.463047,6.5290484,Shelf,D00198.obj
1785,2.4206324,6.6005197,Shelf,D00242.obj
1786,2.4933937,6.5210214,Shelf,D00337.obj
1787,3.6449811,5.9524884,Shelf,D00352.obj
1788,3.3575923,6.516241,Shelf,D00468.obj
1789,2.5320258,6.344966,Shelf,D00592.obj
1790,3.0556917,6.5456886,Shelf,D00631.obj
1791,2.657149,7.253875,Shelf,D00691.obj
1792,2.8434722,6.333089,Shelf,D00725.obj
1793,2.4976125,6.4180117,Shelf,D00772.obj
1794,2.5529706,6.5392056,Shelf,D00781.obj
1795,2.4848921,6.5917983,Shelf,D00818.obj
1796,2.9446945,6.1271996,Shelf,D00881.obj
1797,4.7104363,6.398201,Shelf,D00887.obj
1798,6.087041,6.3500013,Shelf,D00917.obj
1799,3.683996,6.6503043,Shelf,D00956.obj
1800,2.5063217,6.440471,Shelf,m844.obj
1801,2.8463552,6.1903462,Shelf,m845.obj
1802,3.6637626,7.9683657,Shelf,m846.obj
1803,3.1860564,6.8849406,Shelf,m847.obj
1804,3.407843,6.5444655,Shelf,m849.obj
1805,2.738081,6.320796,Shelf,m850.obj
1806,2.7756572,6.243159,Shelf,m851.obj
1807,2.910083,6.234975,Shelf,m852.obj
1808,3.239789,6.0741634,Shelf,m853.obj
1809,3.5042963,7.596618,Shelf,m854.obj
1810,1.654381,8.137857,Shelf,m855.obj
1811,2.4707677,6.583019,Shelf,m856.obj
1812,2.5748358,7.307587,Shelf,m857.obj
1813,1.7603999,10.484912,Shelf,m858.obj
1814,2.547721,6.858954,Shelf,m859.obj
1815,3.8794012,5.044502,Shelf,m860.obj
1816,3.301463,5.2891455,Shelf,m861.obj
1817,2.8541028,5.26334,Shelf,m862.obj
1818,4.5511336,5.161616,Shelf,m863.obj
1819,5.3180494,5.0260253,Shelf,m864.obj
1820,3.4381702,5.416183,Shelf,m865.obj
1821,2.8758483,5.3121285,Shelf,m866.obj
1822,6.5817366,4.9234614,Shelf,m868.obj
1823,7.5044656,9.684484,Ship,D00027.obj
1824,6.145037,10.108387,Ship,D00042.obj
1825,6.7958727,10.887643,Ship,D00099.obj
1826,5.943546,10.336528,Ship,D00175.obj
1827,6.407704,10.731921,Ship,D00247.obj
1828,10.067874,8.47388,Ship,D00258.obj
1829,9.899525,3.7381725,Ship,D00292.obj
1830,6.056082,10.161083,Ship,D00429.obj
1831,8.810569,10.334187,Ship,D00467.obj
1832,9.090228,7.324188,Ship,D00543.obj
1833,7.370333,10.8248205,Ship,D00647.obj
1834,9.987403,3.6281483,Ship,D00791.obj
1835,6.365615,10.723713,Ship,D00837.obj
1836,6.899852,9.693328,Ship,D00896.obj
1837,8.557473,10.468407,Ship,D00935.obj
1838,10.428501,5.411727,Ship,D00949.obj
1839,10.793018,8.342517,Ship,m1427.obj
1840,10.232063,9.080043,Ship,m1428.obj
1841,10.783799,8.380716,Ship,m1429.obj
1842,11.554803,6.112879,Ship,m1430.obj
1843,10.875212,8.160085,Ship,m1431.obj
1844,10.355524,9.039586,Ship,m1432.obj
1845,10.439302,8.718075,Ship,m1433.obj
1846,7.8050623,7.992848,Ship,m1434.obj
1847,9.966175,3.6495237,Ship,m1435.obj
1848,7.3879313,10.797581,Ship,m1436.obj
1849,10.951376,8.238792,Ship,m1437.obj
1850,3.3336947,11.315816,Ship,m1438.obj
1851,8.443761,10.5099745,Ship,m1439.obj
1852,9.041754,9.074274,Ship,m1440.obj
1853,8.093141,9.667283,Ship,m1441.obj
1854,6.551828,10.815684,Ship,m1442.obj
1855,7.95193,9.626179,Ship,m1444.obj
1856,6.2773056,10.751894,Ship,m1446.obj
1857,7.713729,10.662877,Ship,m1447.obj
1858,11.036074,6.5415134,Ship,m1448.obj
1859,5.956314,4.8240757,Ship,m1449.obj
1860,9.992147,5.4344206,Ship,m1450.obj
1861,10.684395,5.2998614,Ship,m1451.obj
1862,11.534093,5.340054,Ship,m1452.obj
1863,8.674962,6.458044,Ship,m1453.obj
1864,8.906356,5.771923,Ship,m1454.obj
1865,10.028664,5.2556777,Ship,m1455.obj
1866,4.430407,9.387938,Ship,m1456.obj
1867,9.22944,7.0747404,Ship,m1457.obj
1868,7.5835457,6.489287,Ship,m1458.obj
1869,7.4685454,5.4539614,Ship,m1459.obj
1870,9.751118,3.8569229,Ship,m1460.obj
1871,9.827915,3.7081523,Ship,m1461.obj
1872,9.917172,3.614034,Ship,m1462.obj
1873,6.785619,11.01729,Ship,m1463.obj
1874,10.595167,8.7414,Ship,m1464.obj
1875,10.323879,9.173816,Ship,m1465.obj
1876,9.802488,8.257992,Ship,m1466.obj
1877,8.463242,10.502258,Ship,m1467.obj
1878,6.9165764,10.932389,Ship,m1468.obj
1879,7.585809,10.8165045,Ship,m1469.obj
1880,7.00775,10.993175,Ship,m1470.obj
1881,6.837173,9.597093,Ship,m1471.obj
1882,12.113523,5.783075,Sign,m1670.obj
1883,11.977913,5.122866,Sign,m1671.obj
1884,11.470003,5.26729,Sign,m1672.obj
1885,12.036559,5.4947557,Sign,m1673.obj
1886,9.7677145,8.112456,Sign,m1674.obj
1887,12.798919,4.7753806,Sign,m1675.obj
1888,12.509631,4.010583,Sign,m1676.obj
1889,12.941348,4.958534,Sign,m1678.obj
1890,8.351983,10.602046,Sign,m1679.obj
1891,10.749428,9.216798,Sign,m1680.obj
1892,10.770377,9.201464,Sign,m1681.obj
1893,3.3538473,5.01278,Sign,m1682.obj
1894,3.3010108,4.9826303,Sign,m1683.obj
1895,3.803474,6.0754523,Sign,m1684.obj
1896,4.063641,4.783028,Sign,m1685.obj
1897,3.211193,8.990964,Skyscraper,D00059.obj
1898,10.635489,6.214394,Skyscraper,D00105.obj
1899,10.766561,4.0575953,Skyscraper,D00125.obj
1900,5.204112,10.82461,Skyscraper,D00130.obj
1901,5.725021,10.65786,Skyscraper,D00589.obj
1902,1.7179455,9.875706,Skyscraper,D00641.obj
1903,2.2946608,10.983237,Skyscraper,D00872.obj
1904,6.470989,9.524585,Skyscraper,D00998.obj
1905,11.978188,5.573468,Spoon,D00014.obj
1906,11.974407,4.2881637,Spoon,D00085.obj
1907,8.717047,10.40083,Spoon,D00144.obj
1908,12.029451,5.8081126,Spoon,D00157.obj
1909,12.064275,5.7710876,Spoon,D00196.obj
1910,10.731854,8.489291,Spoon,D00338.obj
1911,9.450463,10.013828,Spoon,D00422.obj
1912,8.224647,10.674887,Spoon,D00474.obj
1913,12.033675,4.3413734,Spoon,D00497.obj
1914,11.789366,3.4052536,Spoon,D00517.obj
1915,12.353112,4.364555,Spoon,D00562.obj
1916,10.867755,9.208442,Spoon,D00593.obj
1917,11.025606,8.313175,Spoon,D00661.obj
1918,10.41105,5.5619926,Spoon,D00669.obj
1919,8.536624,10.515864,Spoon,D00674.obj
1920,11.134746,6.695674,Spoon,D00683.obj
1921,8.583185,10.530612,Spoon,D00790.obj
1922,10.366771,9.41009,Spoon,D00842.obj
1923,12.080372,4.2416477,Spoon,D00927.obj
1924,11.981514,5.6403203,Spoon,D00964.obj
1925,9.537936,5.6463394,Starship,m1353.obj
1926,9.172108,7.3426833,Starship,m1354.obj
1927,10.581863,6.2737956,Starship,m1355.obj
1928,6.923022,7.9750524,Starship,m1356.obj
1929,10.59542,6.417778,Starship,m1357.obj
1930,10.625913,4.9166107,Starship,m1358.obj
1931,9.592933,6.806072,Starship,m1359.obj
1932,8.718184,8.638817,Starship,m1360.obj
1933,6.518323,5.4867578,Starship,m1361.obj
1934,8.526592,8.1008,Starship,m1362.obj
1935,9.666961,7.1812696,Starship,m1364.obj
1936,9.309026,6.9014606,Starship,m1365.obj
1937,10.559333,5.9933853,Starship,m1366.obj
1938,10.610555,6.0285807,Starship,m1369.obj
1939,10.565909,6.106519,Starship,m1370.obj
1940,6.8249855,10.040903,Starship,m1371.obj
1941,6.8397727,8.12122,Starship,m1372.obj
1942,10.04767,5.435053,Starship,m1373.obj
1943,6.90217,9.452149,Starship,m1374.obj
1944,3.7997217,10.016157,Starship,m1375.obj
1945,6.908025,10.880699,Starship,m1376.obj
1946,4.0080543,10.001096,Starship,m1378.obj
1947,4.9161596,8.68619,Starship,m1379.obj
1948,6.5844646,6.2414956,Starship,m1381.obj
1949,3.3773038,10.482717,Starship,m1382.obj
1950,6.1180496,9.968688,Starship,m1383.obj
1951,3.7106125,10.252791,Starship,m1384.obj
1952,3.5189037,10.617428,Starship,m1385.obj
1953,3.8191617,10.138771,Starship,m1386.obj
1954,7.288066,9.474423,SubmachineGun,D00052.obj
1955,10.15322,9.545772,SubmachineGun,D00060.obj
1956,9.52915,8.712506,SubmachineGun,D00062.obj
1957,11.214576,5.010926,SubmachineGun,D00064.obj
1958,10.263259,9.45674,SubmachineGun,D00068.obj
1959,11.6737795,5.3245425,SubmachineGun,D00119.obj
1960,9.273446,9.721854,SubmachineGun,D00219.obj
1961,8.161285,9.399973,SubmachineGun,D00256.obj
1962,9.688485,9.967351,SubmachineGun,D00384.obj
1963,10.899072,8.087635,SubmachineGun,D00431.obj
1964,8.060548,9.626715,SubmachineGun,D00489.obj
1965,9.602012,10.055592,SubmachineGun,D00537.obj
1966,8.149961,10.497696,SubmachineGun,D00613.obj
1967,10.589174,6.8021164,SubmachineGun,D00733.obj
1968,9.443394,9.925715,SubmachineGun,D00878.obj
1969,8.590364,10.477136,SubmachineGun,D00893.obj
1970,8.807668,10.229865,SubmachineGun,D00960.obj
1971,10.625089,9.132872,SubmachineGun,D00970.obj
1972,12.538941,5.456896,Sword,D00066.obj
1973,11.447207,6.191743,Sword,D00133.obj
1974,12.410832,5.5669007,Sword,D00149.obj
1975,12.871959,5.1659107,Sword,D00162.obj
1976,12.024579,4.8156543,Sword,D00177.obj
1977,10.768279,9.0637865,Sword,D00195.obj
1978,12.127644,5.6153336,Sword,D00249.obj
1979,12.026942,4.658842,Sword,D00356.obj
1980,12.59713,4.399579,Sword,D00484.obj
1981,12.2983265,3.5557652,Sword,D00513.obj
1982,12.541336,5.4154654,Sword,D00540.obj
1983,12.126131,4.3197937,Sword,D00635.obj
1984,12.441855,5.570118,Sword,D00712.obj
1985,12.654717,4.4339576,Sword,D00807.obj
1986,11.010683,8.292077,Sword,D00808.obj
1987,12.115963,4.8655763,Sword,D00812.obj
1988,12.006882,4.776134,Sword,D00906.obj
1989,12.942396,4.978912,Sword,D00916.obj
1990,12.312417,5.5042663,Sword,D00992.obj
1991,12.240961,4.2452965,Sword,m687.obj
1992,11.982717,5.6137958,Sword,m688.obj
1993,10.703688,8.014207,Sword,m689.obj
1994,12.030124,4.0863576,Sword,m690.obj
1995,12.432239,3.7111058,Sword,m691.obj
1996,12.112937,4.8506684,Sword,m692.obj
1997,12.608758,4.2163115,Sword,m693.obj
1998,12.078077,4.3354836,Sword,m694.obj
1999,11.968347,5.316562,Sword,m695.obj
2000,12.073121,3.293845,Sword,m696.obj
2001,12.928228,4.9608574,Sword,m697.obj
2002,12.315305,3.5428936,Sword,m698.obj
2003,12.147134,3.3437264,Sword,m699.obj
2004,12.315148,4.349097,Sword,m700.obj
2005,12.945124,4.979868,Sword,m701.obj
2006,12.443038,3.7186573,Sword,m702.obj
2007,12.929069,5.0491066,Sword,m703.obj
2008,12.962732,4.9919443,Sword,m704.obj
2009,11.754656,5.319883,Sword,m705.obj
2010,12.592389,4.198369,Sword,m707.obj
2011,12.621404,4.412699,Sword,m709.obj
2012,12.546914,5.4860764,Sword,m710.obj
2013,10.70862,9.288348,Sword,m711.obj
2014,12.927943,4.9550705,Sword,m712.obj
2015,12.402873,4.0499754,Sword,m713.obj
2016,12.921101,4.952118,Sword,m714.obj
2017,12.077334,3.2995708,Sword,m715.obj
2018,12.232912,3.5598416,Sword,m716.obj
2019,12.841046,4.8694153,Sword,m717.obj
2020,10.732995,9.1754675,Sword,m718.obj
2021,9.62101,9.663633,Sword,m719.obj
2022,10.681504,9.070682,Sword,m720.obj
2023,8.661719,10.504477,Sword,m721.obj
2024,8.066876,10.483743,Tool,D01003.obj
2025,8.97983,9.439814,Tool,D01012.obj
2026,5.88133,4.984301,Tool,D01040.obj
2027,5.8504486,5.0031223,Tool,D01044.obj
2028,4.8578477,4.794732,Tool,D01069.obj
2029,6.3461328,5.1984034,Tool,D01084.obj
2030,8.777524,9.752299,Tool,D01086.obj
2031,9.321957,7.7643204,Tool,D01111.obj
2032,9.987912,8.426222,Tool,D01113.obj
2033,4.985137,4.7373533,Tool,D01127.obj
2034,9.091789,7.922849,Tool,D01131.obj
2035,6.015383,5.0155506,Tool,D01140.obj
2036,5.0202036,4.7606087,Tool,D01142.obj
2037,9.173303,9.141464,Tool,D01148.obj
2038,5.0437384,4.6756816,Tool,D01152.obj
2039,5.9666348,5.0037837,Tool,D01154.obj
2040,5.9908485,5.0084586,Tool,D01156.obj
2041,6.364613,5.242938,Tool,D01159.obj
2042,5.080262,4.7476487,Tool,D01165.obj
2043,9.663894,8.7407255,Tool,D01176.obj
2044,11.740692,4.33079,Tool,m1099.obj
2045,11.229114,2.9962225,Tool,m1100.obj
2046,10.78309,9.206829,Tool,m1101.obj
2047,12.874855,5.1081424,Tool,m1102.obj
2048,10.557073,9.048088,Tool,m1103.obj
2049,12.212325,5.7476063,Tool,m1104.obj
2050,10.262725,9.451038,Tool,m1105.obj
2051,10.037733,9.65672,Tool,m1106.obj
2052,10.154707,9.371939,Tool,m1107.obj
2053,9.6867695,9.791327,Tool,m1108.obj
2054,9.193555,7.933962,Tool,m1109.obj
2055,8.674821,8.633363,Tool,m1110.obj
2056,11.656906,5.4256444,Tool,m1111.obj
2057,10.119713,7.640345,Tool,m1112.obj
2058,7.0785975,10.948184,Tool,m1113.obj
2059,7.566462,10.86203,Tool,m1114.obj
2060,7.4156404,10.902278,Tool,m1115.obj
2061,8.186531,10.739268,Tool,m1116.obj
2062,8.57269,10.555839,Tool,m1117.obj
2063,7.242954,6.51705,Tool,m587.obj
2064,5.3519974,6.3041797,Tool,m588.obj
2065,6.275007,6.9533277,Tool,m589.obj
2066,9.628569,6.9982314,Tool,m590.obj
2067,9.526806,6.8568435,Tool,m591.obj
2068,6.053345,7.7685456,Train,D01008.obj
2069,4.3282247,10.862508,Train,D01014.obj
2070,8.123397,10.539099,Train,D01016.obj
2071,3.8403585,9.443581,Train,D01027.obj
2072,2.9334533,11.065087,Train,D01031.obj
2073,5.0230975,10.862571,Train,D01035.obj
2074,4.890207,9.331913,Train,D01047.obj
2075,7.8358593,9.26272,Train,D01059.obj
2076,4.731321,8.322998,Train,D01061.obj
2077,4.7565384,8.383208,Train,D01064.obj
2078,1.8021445,10.657649,Train,D01089.obj
2079,2.0409536,10.831858,Train,D01094.obj
2080,2.644621,11.070444,Train,D01095.obj
2081,1.9594418,10.78378,Train,D01137.obj
2082,5.1121426,10.837256,Train,D01147.obj
2083,3.688411,9.82543,Train,D01163.obj
2084,4.712937,10.7632265,Train,m1578.obj
2085,3.7782285,8.296339,Train,m1580.obj
2086,6.325622,9.119376,Train,m1583.obj
2087,4.381528,9.805639,Train,m1584.obj
2088,6.5211635,6.3898606,Train,m1585.obj
2089,6.5206294,6.453908,Train,m1586.obj
2090,6.23676,6.7370296,Train,m1587.obj
2091,6.4456363,9.161,Train,m1588.obj
2092,7.2502007,3.2677352,Tree,D00367.obj
2093,6.7791886,3.3268754,Tree,m1062.obj
2094,9.902642,2.8818932,Tree,m1063.obj
2095,10.326344,2.86701,Tree,m1064.obj
2096,11.601548,3.6246643,Tree,m1065.obj
2097,11.829241,3.4076853,Tree,m1066.obj
2098,10.857988,2.9336925,Tree,m1067.obj
2099,6.970277,3.3549185,Tree,m1068.obj
2100,11.917032,3.0815704,Tree,m1070.obj
2101,11.243758,2.906347,Tree,m1071.obj
2102,11.875637,3.0565176,Tree,m1072.obj
2103,10.221299,2.9077768,Tree,m1075.obj
2104,8.430784,4.2973037,Tree,m1077.obj
2105,11.416709,4.1036587,Tree,m1078.obj
2106,3.439918,10.689865,Tree,m1079.obj
2107,3.5443413,10.728867,Tree,m1082.obj
2108,7.2528133,10.825841,Tree,m1086.obj
2109,10.496002,2.9239755,Tree,m1089.obj
2110,11.855288,3.1477778,Tree,m1090.obj
2111,9.892753,7.508131,Tree,m1091.obj
2112,10.847977,3.353642,Tree,m1092.obj
2113,6.8938212,3.3082414,Tree,m1093.obj
2114,9.987027,2.930874,Tree,m1095.obj
2115,11.38761,5.9137936,Tree,m1096.obj
2116,12.9467325,4.9696355,Tree,m1097.obj
2117,7.4733,3.6368763,Tree,m1098.obj
2118,5.773309,8.296448,Truck,D00002.obj
2119,5.04903,8.56668,Truck,D00003.obj
2120,3.0727255,9.3540535,Truck,D00010.obj
2121,1.6205865,9.92305,Truck,D00029.obj
2122,2.30726,10.897119,Truck,D00047.obj
2123,2.9653416,10.923464,Truck,D00056.obj
2124,4.6811113,8.336762,Truck,D00112.obj
2125,6.1781077,7.137153,Truck,D00158.obj
2126,2.4352236,10.995928,Truck,D00241.obj
2127,6.3645773,6.887741,Truck,D00287.obj
2128,7.8401604,9.058639,Truck,D00331.obj
2129,3.0622215,9.265557,Truck,D00406.obj
2130,2.2547455,10.917813,Truck,D00424.obj
2131,6.1565113,7.856593,Truck,D00518.obj
2132,7.087231,6.06327,Truck,D00804.obj
2133,1.7684485,10.19948,Truck,D00926.obj
2134,3.095026,9.125848,Truck,D00947.obj
2135,2.5134864,10.845739,Truck,m1570.obj
2136,6.9609485,6.026883,Truck,m1571.obj
2137,2.7144985,10.973876,Truck,m1572.obj
2138,4.2782073,10.380735,Truck,m1573.obj
2139,3.421825,8.604067,Truck,m1574.obj
2140,6.1999316,7.0657635,Truck,m1576.obj
2141,3.9431572,8.139442,TruckNonContainer,D00055.obj
2142,3.2472777,8.359312,TruckNonContainer,D00143.obj
2143,5.282316,9.223802,TruckNonContainer,D00148.obj
2144,7.5262675,5.517761,TruckNonContainer,D00266.obj
2145,6.591806,9.331016,TruckNonContainer,D00275.obj
2146,3.9824152,8.365199,TruckNonContainer,D00283.obj
2147,7.3265314,5.4271197,TruckNonContainer,D00553.obj
2148,6.6709404,7.968453,TruckNonContainer,D00572.obj
2149,5.0532813,8.539012,TruckNonContainer,D00608.obj
2150,7.6411285,5.323591,TruckNonContainer,D00699.obj
2151,4.6399684,9.160387,TruckNonContainer,D00731.obj
2152,7.0802608,6.2840705,TruckNonContainer,D00783.obj
2153,3.8211539,8.373755,TruckNonContainer,D00879.obj
2154,5.311763,8.596807,TruckNonContainer,D00943.obj
2155,1.7440786,7.9997087,Vase,m527.obj
2156,7.9820786,5.763783,Vase,m528.obj
2157,3.6725695,6.999787,Vase,m529.obj
2158,7.294444,5.2507877,Vase,m531.obj
2159,5.4431753,10.753073,Vase,m532.obj
2160,3.1840134,8.8700285,Vase,m533.obj
2161,4.9848986,6.2540407,Vase,m534.obj
2162,5.3266735,6.9635544,Vase,m535.obj
2163,4.374654,10.116725,Vase,m536.obj
2164,3.60735,10.322722,Vase,m537.obj
2165,6.122066,6.3604593,Vase,m538.obj
2166,3.9294739,9.702761,Vase,m539.obj
2167,2.8898673,6.1456413,Vase,m540.obj
2168,3.2126858,9.219112,Vase,m541.obj
2169,3.8562033,5.978787,Vase,m542.obj
2170,1.6991438,9.788958,Vase,m543.obj
2171,5.059822,6.6463995,Vase,m544.obj
2172,7.321115,6.321364,Vase,m545.obj
2173,4.86728,6.572762,Vase,m546.obj
2174,6.233485,6.4280787,Vase,m547.obj
2175,10.049792,9.464632,Violin,D00108.obj
2176,8.411074,9.898521,Violin,D00216.obj
2177,7.100823,10.835322,Violin,D00250.obj
2178,7.1983504,10.83159,Violin,D00324.obj
2179,7.90103,10.547353,Violin,D00340.obj
2180,7.3485007,10.752541,Violin,D00349.obj
2181,7.1353755,10.855612,Violin,D00358.obj
2182,8.131791,10.632154,Violin,D00376.obj
2183,8.06425,10.438535,Violin,D00506.obj
2184,7.6577797,10.681075,Violin,D00570.obj
2185,9.319146,9.692781,Violin,D00602.obj
2186,7.0280147,10.940282,Violin,D00620.obj
2187,9.657882,8.828229,Violin,D00675.obj
2188,10.954552,8.340988,Violin,D00701.obj
2189,7.9900823,10.5504,Violin,D00704.obj
2190,11.179534,3.4635172,Violin,D00898.obj
2191,9.586001,9.436522,Violin,D00993.obj
2192,6.406472,6.9179935,Wheel,m733.obj
2193,6.344106,7.8994565,Wheel,m734.obj
2194,8.965524,6.1289144,Wheel,m735.obj
2195,4.743709,8.301571,Wheel,m736.obj
2196,2.6083097,7.337789,Wheel,m737.obj
2197,3.8100889,9.930032,Wheel,m738.obj
2198,3.3650634,8.750746,Wheel,m739.obj
2199,2.121498,9.005685,Wheel,m740.obj
2200,1.8628043,8.379569,Wheel,m741.obj
2201,2.1990077,10.587918,Wheel,m742.obj
2202,2.2537918,10.6689625,Wheel,m743.obj
2203,3.3197477,8.648336,Wheel,m744.obj
2204,3.4488351,8.690096,Wheel,m745.obj
2205,3.8806915,10.056637,Wheel,m746.obj
2206,2.841899,10.684512,Wheel,m747.obj
2207,5.197774,8.632379,Wheel,m748.obj
2208,2.8492177,10.781307,Wheel,m749.obj
2209,8.132925,3.7408464,WheelChair,D00004.obj
2210,7.811381,7.3344398,WheelChair,D00070.obj
2211,9.400672,5.5679517,WheelChair,D00088.obj
2212,8.858734,4.8978305,WheelChair,D00183.obj
2213,7.323525,5.511611,WheelChair,D00203.obj
2214,8.5073805,4.5416827,WheelChair,D00274.obj
2215,9.030901,5.65415,WheelChair,D00290.obj
2216,9.710151,4.449014,WheelChair,D00365.obj
2217,9.369259,5.424702,WheelChair,D00394.obj
2218,7.910363,5.359829,WheelChair,D00449.obj
2219,8.649762,4.7054977,WheelChair,D00453.obj
2220,9.240051,5.3516045,WheelChair,D00499.obj
2221,8.555788,4.164153,WheelChair,D00526.obj
2222,9.350042,6.701649,WheelChair,D00604.obj
2223,9.747855,3.559782,WheelChair,D00628.obj
2224,8.110229,5.661476,WheelChair,D00687.obj
2225,8.936169,5.6039076,WheelChair,D00720.obj
2226,8.469768,4.970627,WheelChair,D00782.obj
2227,8.122425,5.6657214,WheelChair,D00821.obj
2228,9.560294,3.9635718,WheelChair,D00846.obj
